date,D_days,tau,n_strikes,alpha,rho,nu,vol_rmse
2023-02-02,1,0.0027397260273972603,55,0.30007737643615773,0.9989999999679066,4.9999999999481535,0.13857607196164917
2023-02-02,4,0.010958904109589041,34,0.1657872961469909,0.6400830951509324,4.999999999999999,0.03015848801895168
2023-02-02,5,0.0136986301369863,40,0.159942241398099,0.3400026804335199,4.999999999999999,0.02467964003356559
2023-02-02,6,0.01643835616438356,44,0.16329465896274004,0.2950585325719949,3.938770116115913,0.016547689073386742
2023-02-02,7,0.019178082191780823,50,0.16149896509553696,0.22124959489945156,4.103520360958908,0.018925736973899758
2023-02-02,8,0.021917808219178082,69,0.14968743255432126,0.08341590366154467,4.69542068148162,0.020217417921166988
2023-02-02,11,0.030136986301369864,56,0.14665860666832714,0.20581407636738083,3.0264982304882886,0.012966810256800264
2023-02-02,12,0.03287671232876712,63,0.1681703128179236,0.20820890801786623,2.7560584932565684,0.016811569533602005
2023-02-02,13,0.03561643835616438,64,0.17134474988347984,0.23487701220479587,1.9162172215508757,0.013804624545235587
2023-02-02,14,0.038356164383561646,71,0.17311487606373804,0.08635975450346586,2.240508469972778,0.013086404616329827
2023-02-02,15,0.0410958904109589,352,0.13274152240250542,-0.14242526201180913,4.3694905080994975,0.031796415003979665
2023-02-02,19,0.052054794520547946,66,0.15624164009264976,0.047979046147906386,1.9877431291240562,0.01141361448698326
2023-02-02,20,0.0547945205479452,77,0.15723800415256975,-0.06553584544149432,1.696017152971043,0.009226783496576683
2023-02-02,21,0.057534246575342465,63,0.15207831894058355,-0.19331795902175186,2.4367339618444666,0.006306958957520831
2023-02-02,22,0.06027397260273973,113,0.15516679241930126,-0.11196104426308692,2.0876366280227554,0.01182155599123331
2023-02-02,25,0.0684931506849315,86,0.15204758585636238,-0.09672087804329442,1.7387587954804582,0.010656922847812632
2023-02-02,26,0.07123287671232877,157,0.14401324467227292,-0.20828272172091528,1.8704321453503534,0.011464692085281244
2023-02-02,27,0.07397260273972603,44,0.150232223636817,-0.24778109534515788,1.7962536470882475,0.008036288426170428
2023-02-02,28,0.07671232876712329,48,0.152526398517726,-0.2448704224241848,1.8936175309171146,0.008598155566097674
2023-02-02,29,0.07945205479452055,117,0.15275757971187204,-0.28872110495315795,1.7887099015171506,0.009518818907368458
2023-02-02,32,0.08767123287671233,88,0.14751655966009197,-0.2691627010068986,1.878907991751855,0.006782076258135729
2023-02-02,36,0.09863013698630137,82,0.15491031491102428,-0.3691183613058391,1.7543564398287526,0.009449224247694003
2023-02-02,43,0.1178082191780822,502,0.14708815967054883,-0.2590017206431916,2.1350987247338686,0.018817921255732457
2023-02-02,50,0.136986301369863,65,0.16862672143764046,-0.47992230624391585,1.4471834320929082,0.009078929627570833
2023-02-02,57,0.15616438356164383,285,0.1617135334985087,-0.42216124939141364,1.5497679466630523,0.01438888159844206
2023-02-02,78,0.2136986301369863,490,0.1604458470590042,-0.5043678410161655,1.56919440290832,0.009930675193557845
2023-02-02,85,0.2328767123287671,272,0.1617380041535178,-0.6307900596215348,1.4962959128139661,0.004801140594112682
2023-02-02,106,0.29041095890410956,459,0.16444084631457428,-0.5517851193733869,1.3150902995694782,0.011632612334470235
2023-02-02,118,0.3232876712328767,139,0.1640073747251239,-0.6720401111367095,1.205345465495744,0.005812859369345499
2023-02-02,134,0.36712328767123287,438,0.16651558233196873,-0.610861190202325,1.192260645704275,0.00882048826684983
2023-02-02,148,0.4054794520547945,292,0.16799080959759569,-0.7065374096150241,1.1420917882658126,0.006632406776763991
2023-02-02,169,0.46301369863013697,186,0.16867897518241776,-0.6834396552444278,1.1300323975591446,0.006581915683124759
2023-02-02,179,0.4904109589041096,123,0.17270894128229666,-0.7562955012648391,0.9801414097130227,0.00801860515182776
2023-02-02,197,0.5397260273972603,117,0.17018528601697064,-0.6904476015975739,0.9904758359446325,0.011134105749030117
2023-02-03,3,0.00821917808219178,51,0.1246671077201662,0.8288005543173539,4.999999999999999,0.05952172095835113
2023-02-03,4,0.010958904109589041,70,0.1472206946800242,0.3074250818217326,4.999999999999997,0.033665361093323846
2023-02-03,5,0.0136986301369863,81,0.14595446807164833,0.07232459920555195,4.999999999999999,0.017314684821640995
2023-02-03,6,0.01643835616438356,101,0.15452956896134223,-0.1640564030437702,4.999999999999999,0.01982291290674567
2023-02-03,7,0.019178082191780823,103,0.14733509290462551,-0.016662698530147433,4.999999999999999,0.021052334477727183
2023-02-03,10,0.0273972602739726,86,0.13695493606384726,0.08534488517695617,3.477499631472944,0.015360836281531395
2023-02-03,11,0.030136986301369864,90,0.16450622065716616,0.04388673945042111,3.24198978991414,0.015435988643127292
2023-02-03,12,0.03287671232876712,94,0.16849054016609602,-0.033602387246456325,2.297980416801427,0.012864019837536012
2023-02-03,13,0.03561643835616438,105,0.16833641390044465,-0.201124974723661,3.0688819925235156,0.007689629738558994
2023-02-03,14,0.038356164383561646,411,0.13317325030524327,-0.17661175846623184,4.5962237067269704,0.03505037114503437
2023-02-03,18,0.049315068493150684,85,0.15646682549715696,-0.2188862585120698,2.4806306075580165,0.008724182445289917
2023-02-03,19,0.052054794520547946,96,0.15673137312589935,-0.30498460378964215,2.4132563279600032,0.0053517632160326985
2023-02-03,20,0.0547945205479452,82,0.15709807967238035,-0.34551144317338106,2.7191144262949365,0.004710488977154586
2023-02-03,21,0.057534246575342465,144,0.15754076009286597,-0.31541785056616894,2.5289651245570663,0.006881166139880212
2023-02-03,24,0.06575342465753424,99,0.15175142960364202,-0.34690896697838386,2.381966179547409,0.004944830245167792
2023-02-03,25,0.0684931506849315,184,0.1498468360455419,-0.36652067713525455,2.1777716554377995,0.007510422960669145
2023-02-03,26,0.07123287671232877,81,0.1536064643725528,-0.4062812260998214,2.207139051032067,0.0037442444170135863
2023-02-03,27,0.07397260273972603,52,0.15448454733622655,-0.3902926296267658,2.3384971896830797,0.005212384787269665
2023-02-03,28,0.07671232876712329,141,0.15580260452267472,-0.42178226998661644,2.201169186632682,0.004352006153985542
2023-02-03,31,0.08493150684931507,100,0.15053763337861928,-0.4167922673935579,2.2240764965898006,0.0037079532196541733
2023-02-03,35,0.0958904109589041,95,0.1570597971673004,-0.4493634480638634,2.1846384242877397,0.0038929306010608658
2023-02-03,38,0.10410958904109589,48,0.15367288504032428,-0.47561029565236124,2.0893465874352226,0.0025775344409297725
2023-02-03,42,0.11506849315068493,592,0.15317320039568588,-0.3603434320172604,2.261950691556119,0.016525390833051566
2023-02-03,49,0.13424657534246576,70,0.16877918194094038,-0.5605469108905311,1.8613481338510558,0.0021265114947519983
2023-02-03,56,0.15342465753424658,330,0.16502027317295234,-0.5322900517402257,1.8606328246952,0.005640190323790286
2023-02-03,77,0.21095890410958903,528,0.16191147639489117,-0.5944789160705686,1.8532638071860985,0.004888150738654663
2023-02-03,84,0.23013698630136986,280,0.1619649753987041,-0.6013793593181496,1.8256532032812356,0.005274404383069364
2023-02-03,105,0.2876712328767123,488,0.16531333092629227,-0.6272538719979355,1.5921939682886264,0.004230283540271338
2023-02-03,117,0.32054794520547947,147,0.16579890734943678,-0.6518901819140683,1.4250671795993293,0.0014312963738772298
2023-02-03,133,0.3643835616438356,455,0.1683950497167647,-0.6612941511066556,1.4117461483890892,0.0038462207294706714
2023-02-03,147,0.40273972602739727,305,0.16651960487044493,-0.649575262542727,1.4140301689749692,0.004610101726368033
2023-02-03,168,0.4602739726027397,194,0.16746923974766242,-0.6940914635240468,1.3937701951483523,0.006789664507125971
2023-02-03,178,0.4876712328767123,125,0.16739272399243926,-0.6607632013544937,1.3504065921479476,0.005130121421838969
2023-02-03,196,0.536986301369863,120,0.1708087127974369,-0.702553572014477,1.217211133279572,0.0037229499113589685
2023-02-06,1,0.0027397260273972603,77,0.26130071449978387,0.9989999998798998,4.999999999924358,0.1484596143644116
2023-02-06,2,0.005479452054794521,73,0.20156844029900062,0.49040065099071967,4.999999999999998,0.054315119068027495
2023-02-06,3,0.00821917808219178,157,0.2861703471039381,-0.7569650276542113,4.999999999999999,0.2024524487411095
2023-02-06,4,0.010958904109589041,81,0.190212741955371,0.31967686120123606,4.999999999999999,0.04699114160122369
2023-02-06,7,0.019178082191780823,85,0.1402754423385684,-0.011218193166145625,4.680722524529296,0.020517092486982774
2023-02-06,8,0.021917808219178082,104,0.17501018889078634,-0.05321677681475647,3.9860185819684495,0.022109665966513807
2023-02-06,9,0.024657534246575342,100,0.18166053711496813,-0.045933569876528156,2.787770498964007,0.015962972076688363
2023-02-06,10,0.0273972602739726,122,0.1799072003656085,-0.13357176608225005,3.405545851310283,0.017835948280996373
2023-02-06,11,0.030136986301369864,422,0.14890063319251465,-0.131223898417091,4.999999999999999,0.042567206557804986
2023-02-06,15,0.0410958904109589,104,0.16085227809483352,-0.17918448915209276,2.9002229311044885,0.013308475582409694
2023-02-06,16,0.043835616438356165,105,0.16665161703607326,-0.27666633563337917,2.3527718816526964,0.008237069993385625
2023-02-06,17,0.04657534246575343,102,0.16458881990587046,-0.296666884601602,2.887522102172978,0.009908791959848397
2023-02-06,18,0.049315068493150684,153,0.16664360598971542,-0.29079169817862094,2.388352110640533,0.014156155846151399
2023-02-06,21,0.057534246575342465,109,0.1591275048451321,-0.32152944181288473,2.3705821537035803,0.00798140745008791
2023-02-06,22,0.06027397260273973,191,0.15626175900118602,-0.2873019589363013,2.123220912472281,0.015258830775684776
2023-02-06,23,0.06301369863013699,91,0.16238231459203104,-0.3757576682064436,2.05740231903976,0.008984098384866973
2023-02-06,24,0.06575342465753424,90,0.1624254578164239,-0.3180831306126389,2.2116351236843887,0.013683151807478375
2023-02-06,25,0.0684931506849315,153,0.1649148942917772,-0.4274523523682297,2.0107900565925507,0.00906448027516477
2023-02-06,28,0.07671232876712329,111,0.158620292448119,-0.403712239860004,2.1263091590804426,0.006488129217879912
2023-02-06,29,0.07945205479452055,54,0.1579946176386747,-0.2938457193718374,1.945327303691303,0.012873955385996162
2023-02-06,32,0.08767123287671233,101,0.1670339036518434,-0.42834655145373346,1.9709565693391264,0.012768914626032184
2023-02-06,35,0.0958904109589041,54,0.1645492130522933,-0.40950666890054205,1.7502052976732496,0.00917737579863059
2023-02-06,39,0.10684931506849316,600,0.1581020176594911,-0.32938719846746906,2.2645376146114105,0.021565267631985897
2023-02-06,46,0.12602739726027398,71,0.17901319506262955,-0.5597568745994999,1.738002264523227,0.005227393604826533
2023-02-06,53,0.14520547945205478,346,0.1721738385281876,-0.5361230344317498,1.8145354174394965,0.009884586807408498
2023-02-06,74,0.20273972602739726,548,0.17068668406437829,-0.5818321325756559,1.729984819653505,0.010856037643400143
2023-02-06,81,0.2219178082191781,285,0.17138712076143484,-0.6442501751614166,1.6897833694699644,0.0038193512123100436
2023-02-06,102,0.27945205479452057,505,0.17227937992686287,-0.6185362597812384,1.5076843296171747,0.007223271711053275
2023-02-06,114,0.31232876712328766,160,0.17288363018543063,-0.6823844015484504,1.3463892147404821,0.0049391172246996155
2023-02-06,130,0.3561643835616438,471,0.1747509709042418,-0.6604300302538607,1.3315142172965053,0.006042327415846737
2023-02-06,144,0.39452054794520547,320,0.17460134414097353,-0.6940913797234893,1.3267270976083305,0.005212859053206811
2023-02-06,165,0.4520547945205479,204,0.17515217931304,-0.7063916497926235,1.3098995041549069,0.005820276660889426
2023-02-06,175,0.4794520547945205,127,0.16991174520571775,-0.6510778325587733,1.4029101251619505,0.007266486393419951
2023-02-06,193,0.5287671232876713,122,0.17604416375351342,-0.7124154556475677,1.190669063310029,0.004652136230002354
2023-02-07,1,0.0027397260273972603,130,0.5075481259735212,-0.9360618821076349,4.999999999814602,0.3287121670949867
2023-02-07,2,0.005479452054794521,155,0.47146471015528224,-0.9371910858803418,4.999999985818089,0.33170557041422055
2023-02-07,3,0.00821917808219178,181,0.375020436948306,-0.8614861828003421,4.999999999999707,0.1800124224393788
2023-02-07,6,0.01643835616438356,107,0.17226528824382106,-0.48754601341503195,4.999999999999999,0.03227856154012054
2023-02-07,7,0.019178082191780823,113,0.1909107245433076,-0.3807326751505615,4.999999999999999,0.018168108991244408
2023-02-07,8,0.021917808219178082,111,0.1805336931189331,-0.39086581745848503,4.772557828822809,0.009132655274163886
2023-02-07,9,0.024657534246575342,128,0.18403277335230553,-0.46060732583901554,4.999999999999999,0.01518290386673522
2023-02-07,10,0.0273972602739726,459,0.18324081294441452,-0.2556322790238245,4.999999999999999,0.04649416591518348
2023-02-07,14,0.038356164383561646,106,0.15807706162454538,-0.36827895729590693,3.8022004078855156,0.0076389925392621105
2023-02-07,15,0.0410958904109589,107,0.1607498959285307,-0.4338274852516539,3.5545456571870218,0.00629942892699112
2023-02-07,16,0.043835616438356165,107,0.15676874123896145,-0.4775834972718992,4.1981510787211285,0.013747280777500986
2023-02-07,17,0.04657534246575343,166,0.15614475750710008,-0.49588704825394103,4.114439115870263,0.011722824147626938
2023-02-07,20,0.0547945205479452,111,0.15341896693627532,-0.450585543860491,3.218602162263333,0.006314013086462443
2023-02-07,21,0.057534246575342465,202,0.15210804221145657,-0.5128367611956424,3.2784062584249956,0.007468438380113359
2023-02-07,22,0.06027397260273973,93,0.15533230018673946,-0.47970934735891635,3.0739188226066996,0.006007394086130697
2023-02-07,23,0.06301369863013699,93,0.15460878307440803,-0.5085013762119641,3.339222242370857,0.009740555559551865
2023-02-07,24,0.06575342465753424,156,0.1559795678419699,-0.514399076267941,3.2179111497980575,0.007119093849406581
2023-02-07,27,0.07397260273972603,113,0.15163108776343914,-0.4893513082590193,2.8635410991295056,0.005792328072331248
2023-02-07,28,0.07671232876712329,56,0.15234579301312237,-0.5421224347321687,2.9946936429675532,0.00726189426117371
2023-02-07,29,0.07945205479452055,49,0.15411467328560205,-0.5506583182913944,2.8111108554263797,0.004754283524933196
2023-02-07,31,0.08493150684931507,137,0.1580893923597206,-0.5214946647002277,2.854173828019314,0.006869103506269619
2023-02-07,34,0.09315068493150686,55,0.15484743792943917,-0.5628119354928792,2.642613556048788,0.005200104004690911
2023-02-07,38,0.10410958904109589,632,0.15577246233548667,-0.5227057573646005,2.83250357116746,0.013061606201434324
2023-02-07,45,0.1232876712328767,89,0.16768745124409448,-0.5911478703208778,2.444945407384014,0.007067850394746035
2023-02-07,52,0.14246575342465753,352,0.16408823580541942,-0.6150710014373487,2.3837912720942422,0.00884443400108702
2023-02-07,73,0.2,572,0.15578650753111203,-0.6551820378301374,2.370871257608278,0.018962680005238656
2023-02-07,80,0.2191780821917808,291,0.14099929703423328,-0.4903639974303689,2.593929530716698,0.024059255781671444
2023-02-07,101,0.27671232876712326,519,0.16376889113014884,-0.6692053189240947,1.8607145400455822,0.010597494828728297
2023-02-07,113,0.3095890410958904,161,0.15971672657954697,-0.6189161778265887,1.7856932035464264,0.009288879549096768
2023-02-07,129,0.35342465753424657,480,0.16450608207431525,-0.6908885040842537,1.6957985061130276,0.01247698411577957
2023-02-07,143,0.3917808219178082,322,0.15278070252388837,-0.5257374339778285,1.8205198646307146,0.016087377204383753
2023-02-07,164,0.44931506849315067,208,0.1378497385207266,-0.5686902332242415,2.0171326602278943,0.03769931920292404
2023-02-07,174,0.4767123287671233,127,0.15846486075459237,-0.5881106254614317,1.6433905191333886,0.012374552870102444
2023-02-07,192,0.5260273972602739,127,0.13650810199871136,-0.6183049144646955,1.7971979777889895,0.035591820386723844
2023-02-08,1,0.0027397260273972603,153,0.5602061537294037,-0.8862116929148764,4.999999999938491,0.40296570019131195
2023-02-08,2,0.005479452054794521,197,0.48777103621571466,-0.9127050073034639,4.999999999990762,0.32013894855477504
2023-02-08,5,0.0136986301369863,153,0.25971672494256837,-0.8935468019828936,4.999999999559604,0.19951018234753784
2023-02-08,6,0.01643835616438356,139,0.26937521735580594,-0.8052396995247387,4.999999999999999,0.1675724201034448
2023-02-08,7,0.019178082191780823,128,0.19175238941458428,-0.20935287896872873,3.7550513797374094,0.013910584870215853
2023-02-08,8,0.021917808219178082,148,0.2560844136695592,-0.79049603244164,4.999999999999999,0.15714608737657976
2023-02-08,9,0.024657534246575342,556,0.21743723138042859,-0.3307209130741409,4.999999999999999,0.06861947695008654
2023-02-08,13,0.03561643835616438,116,0.1665686258132006,-0.2936641807538295,3.4879571001911094,0.011256904045597604
2023-02-08,14,0.038356164383561646,117,0.1674550674409924,-0.3859717695086564,3.5257794399239417,0.010029618652726951
2023-02-08,15,0.0410958904109589,122,0.17791643038123017,-0.5887654800219072,4.999999999999999,0.06453295356510268
2023-02-08,16,0.043835616438356165,190,0.14789313738401633,-0.42846269538445036,4.6363519878254325,0.02474694793431856
2023-02-08,19,0.052054794520547946,120,0.16223918707624715,-0.4183197953684337,3.0359064534012514,0.007417086803945778
2023-02-08,20,0.0547945205479452,273,0.1600248685573052,-0.46429424450500245,2.901115313883551,0.010512386768964502
2023-02-08,21,0.057534246575342465,100,0.16873627724296986,-0.47611819266556255,2.469718299150266,0.009559150257142249
2023-02-08,22,0.06027397260273973,98,0.16813976874296632,-0.41471539115367245,2.6126955133736214,0.011590476716869785
2023-02-08,23,0.06301369863013699,169,0.16505990102116147,-0.5152153179469119,2.8989670222179647,0.008830754368933552
2023-02-08,26,0.07123287671232877,119,0.16269489452725466,-0.47068280637853444,2.4773033053294435,0.005754479490122093
2023-02-08,27,0.07397260273972603,60,0.16204623741058366,-0.4794806470719714,2.6258004708608316,0.0073177292584430545
2023-02-08,28,0.07671232876712329,54,0.1642670554887885,-0.5287876488152549,2.604934253049854,0.005790168128604074
2023-02-08,29,0.07945205479452055,61,0.16800403895951332,-0.489890514137421,2.3369615127179597,0.009761502927498998
2023-02-08,30,0.0821917808219178,145,0.1692016770481266,-0.5076874974168203,2.461527415939505,0.0053938723380658315
2023-02-08,33,0.09041095890410959,90,0.16692598740675976,-0.5249194459262931,2.270319873323457,0.003587461457941284
2023-02-08,37,0.10136986301369863,649,0.16493210400458344,-0.4288467048213495,2.500745952178395,0.019469979876600717
2023-02-08,44,0.12054794520547946,92,0.182387651964827,-0.610120527781357,2.0577224103600242,0.0034606799917369624
2023-02-08,51,0.13972602739726028,360,0.1771304557714814,-0.591188521027395,2.0502354534876157,0.008360882381488573
2023-02-08,72,0.19726027397260273,579,0.17092845073989624,-0.6235359170701475,2.0223866407969076,0.010015030826316468
2023-02-08,79,0.21643835616438356,291,0.1670030900878896,-0.594852607062756,2.065677377660041,0.010769181371233165
2023-02-08,100,0.273972602739726,521,0.17734438019066912,-0.646145571329989,1.5898758570604157,0.007264331691701399
2023-02-08,112,0.30684931506849317,162,0.17825240678708806,-0.698217038515849,1.3871403305358248,0.005639364688163331
2023-02-08,128,0.3506849315068493,485,0.17704110402930145,-0.6818918371982652,1.4684478539694792,0.008785217011634804
2023-02-08,142,0.38904109589041097,322,0.17815574368229778,-0.6939151153917144,1.3926994036905347,0.008477084963103666
2023-02-08,163,0.4465753424657534,208,0.1769773416329837,-0.707698339467709,1.4095553189842047,0.013368153815705991
2023-02-08,173,0.473972602739726,127,0.17322625278108197,-0.65158107904979,1.437087165318506,0.00785033530943554
2023-02-08,191,0.5232876712328767,126,0.17655048893871952,-0.712396156895861,1.2860334148756425,0.006177573021181614
2023-02-09,1,0.0027397260273972603,90,0.27678848772140136,0.9989999999999999,4.999999999999999,0.17861716600877284
2023-02-09,4,0.010958904109589041,76,0.13164690026178213,0.33725764245982465,4.999999999999999,0.04138026053939667
2023-02-09,5,0.0136986301369863,99,0.19881325300399727,-0.054684447085379076,4.999999999999999,0.03659696605669178
2023-02-09,6,0.01643835616438356,95,0.20424060123104784,-0.06246992139498589,3.5203312046859803,0.02571023365341131
2023-02-09,7,0.019178082191780823,113,0.20077087729841162,-0.11560439860484706,4.0841242970327025,0.02879504392483501
2023-02-09,8,0.021917808219178082,397,0.18796970315745223,0.06281775622721522,4.999999999999999,0.06574388724645618
2023-02-09,12,0.03287671232876712,102,0.17533120493780358,-0.202850050825252,3.2745674439244565,0.01848988027110664
2023-02-09,13,0.03561643835616438,103,0.18237171017106737,-0.25000636486318856,2.3848690737554845,0.013691443478937552
2023-02-09,14,0.038356164383561646,101,0.1796619851960402,-0.2658087085306787,2.96778834183743,0.018128712969789438
2023-02-09,15,0.0410958904109589,144,0.18013530715613693,-0.29184703404117773,2.5244373190046683,0.018257181023162122
2023-02-09,18,0.049315068493150684,109,0.17186119450785914,-0.3080057154075252,2.4265739280938403,0.0124766197288856
2023-02-09,19,0.052054794520547946,180,0.16654233932077905,-0.30151704144113206,2.3212259969854796,0.018470966181722216
2023-02-09,20,0.0547945205479452,91,0.17595515781131374,-0.39655468439322855,2.050733320869525,0.01281356483001591
2023-02-09,21,0.057534246575342465,88,0.17373041955666813,-0.37618247056180654,2.5513127984166877,0.011309421865463841
2023-02-09,22,0.06027397260273973,146,0.177665036572454,-0.41981273331411645,1.764894115358914,0.016251534433470136
2023-02-09,25,0.0684931506849315,109,0.16953515807908948,-0.39870928813887163,2.1360925685665566,0.009994149476025577
2023-02-09,26,0.07123287671232877,74,0.16921760776934602,-0.3788550580692176,2.2506024657161374,0.010778387861684786
2023-02-09,27,0.07397260273972603,47,0.17423831218868083,-0.40068545643924597,1.7453165887881275,0.010218380282230752
2023-02-09,28,0.07671232876712329,54,0.17513274632664264,-0.4005113376441248,1.9468481032987135,0.010967232878516421
2023-02-09,29,0.07945205479452055,135,0.17722451600402353,-0.4589116307551333,1.981819910984545,0.010327202264579166
2023-02-09,32,0.08767123287671233,94,0.17386156807370812,-0.4720626145132013,1.880321675631942,0.008650181073082281
2023-02-09,36,0.09863013698630137,577,0.1652176183497926,-0.3219611895484164,2.3275253254119983,0.025818762494076053
2023-02-09,43,0.1178082191780822,90,0.19067253414919338,-0.5970021954185869,1.5943419483323578,0.0090819782239581
2023-02-09,50,0.136986301369863,340,0.18405080256860817,-0.5185712607953562,1.650228681033521,0.015037565297112355
2023-02-09,64,0.17534246575342466,74,0.1869592043529384,-0.6506324520826227,1.50002806770505,0.005084696716339164
2023-02-09,71,0.19452054794520549,558,0.18019712858048714,-0.5818909682038954,1.6999440095627607,0.010470489078634427
2023-02-09,78,0.2136986301369863,284,0.18329446672027813,-0.6752762704561558,1.575261714743842,0.004958712369958168
2023-02-09,99,0.27123287671232876,508,0.1817482184287295,-0.6140097201510646,1.4427333673738372,0.009817357686222595
2023-02-09,111,0.3041095890410959,166,0.1651242468542025,-0.5915424209651036,1.9385182443799795,0.017953081524088817
2023-02-09,127,0.34794520547945207,482,0.18173344756437018,-0.6726619823594374,1.3836247659921017,0.010941077154814996
2023-02-09,141,0.3863013698630137,322,0.16383026561829928,-0.5535166969393495,1.8101193333824925,0.020563317922924262
2023-02-09,162,0.4438356164383562,202,0.18388517170450866,-0.7112549043348283,1.2327164131973591,0.004801456565514725
2023-02-09,172,0.4712328767123288,127,0.17050392021486424,-0.6114600057039596,1.6300821584631497,0.015783201900320197
2023-02-09,190,0.5205479452054794,122,0.1813843194397221,-0.7114736329968492,1.1820907474505369,0.007953089926062048
2023-02-10,3,0.00821917808219178,152,0.2805485881185425,-0.8931402418126219,4.999999999991318,0.2612319646360091
2023-02-10,4,0.010958904109589041,132,0.29688916415466315,-0.8112137430712418,4.999999999999999,0.23915718869887936
2023-02-10,5,0.0136986301369863,101,0.20322902989864466,-0.19539559536927564,4.546997653394879,0.023929992019952297
2023-02-10,6,0.01643835616438356,147,0.2785351102660007,-0.8013377813313363,4.999999999999999,0.17583814512901855
2023-02-10,7,0.019178082191780823,574,0.24360797123289332,-0.19390649998932966,4.999999999999999,0.10212499669663387
2023-02-10,11,0.030136986301369864,108,0.17361020812999248,-0.21521510890122025,3.4291764518616343,0.018795650355675007
2023-02-10,12,0.03287671232876712,108,0.18165400750251695,-0.3336996321310726,2.7378062251081574,0.011465915722824868
2023-02-10,13,0.03561643835616438,122,0.18682122899548695,-0.5883162136156563,4.999999999999999,0.07501625923441647
2023-02-10,14,0.038356164383561646,188,0.16534879552081722,-0.41447526809901425,4.037714522075127,0.021436042985814738
2023-02-10,17,0.04657534246575343,115,0.1722508277106701,-0.36430459591175446,2.5523980262698385,0.010584442763292345
2023-02-10,18,0.049315068493150684,220,0.1687819120893414,-0.34392478331349474,2.3471727623029364,0.01724201461370564
2023-02-10,19,0.052054794520547946,95,0.175613716511077,-0.459613996821715,2.3138596168150274,0.007675666239872436
2023-02-10,20,0.0547945205479452,98,0.17330744651106644,-0.40157992112330476,2.699349238494408,0.009593291801922664
2023-02-10,21,0.057534246575342465,162,0.17641901183720854,-0.49854780297685003,2.345599043314106,0.00868860170921779
2023-02-10,24,0.06575342465753424,114,0.1703076157624232,-0.4375521307351472,2.170180839609209,0.008311553957765993
2023-02-10,25,0.0684931506849315,80,0.1723510832242524,-0.39368037327017064,2.2262845038650116,0.00988056780683513
2023-02-10,26,0.07123287671232877,53,0.17612937208562618,-0.47560422327053026,2.042879303856055,0.007373044706532258
2023-02-10,27,0.07397260273972603,63,0.17292226337460545,-0.495817502178781,2.5350873317741067,0.008556884808271065
2023-02-10,28,0.07671232876712329,142,0.17910134776107078,-0.5016700841702064,2.141028219023301,0.00880543634655816
2023-02-10,31,0.08493150684931507,99,0.17667513373255217,-0.486196316173827,1.7736709724519568,0.010181302516399197
2023-02-10,35,0.0958904109589041,649,0.16948124325820468,-0.3798551918601123,2.441076697401799,0.020961279120994183
2023-02-10,38,0.10410958904109589,58,0.18281313160708446,-0.533452276896372,1.753300191925576,0.008401912801871777
2023-02-10,42,0.11506849315068493,96,0.19002195164671923,-0.6056716122193297,1.9574006276511873,0.004213492206915319
2023-02-10,49,0.13424657534246576,362,0.18206450537034827,-0.5755711457891103,2.00118620648124,0.007746837036880354
2023-02-10,63,0.1726027397260274,78,0.18075587667005152,-0.6243364891233509,2.0302879367088074,0.009162215665586759
2023-02-10,70,0.1917808219178082,584,0.17077177795918666,-0.6287854835736569,2.209730569330592,0.017142999351439352
2023-02-10,77,0.21095890410958903,291,0.1675580918391128,-0.5683456722916668,2.1877828599232614,0.017514417460861076
2023-02-10,98,0.2684931506849315,526,0.1805858837284759,-0.6514294490148062,1.6644452728887684,0.007965585293285579
2023-02-10,110,0.3013698630136986,166,0.1775555489164528,-0.6511240310065803,1.5918893535327188,0.010865204539771947
2023-02-10,126,0.3452054794520548,483,0.18269949607037161,-0.6814228584147874,1.4574738415526298,0.007924099575665049
2023-02-10,140,0.3835616438356164,322,0.171172859876657,-0.585061002545979,1.6551969154181492,0.013896003367661157
2023-02-10,161,0.4410958904109589,207,0.17655487432568084,-0.6781331005318286,1.509057792967217,0.014258163739266872
2023-02-10,171,0.4684931506849315,127,0.17473885310472376,-0.622525342656318,1.528898518974809,0.011861086252864842
2023-02-10,189,0.5178082191780822,128,0.16508615339770036,-0.6645043116821387,1.5095978187961305,0.020726781896497282
2023-02-13,1,0.0027397260273972603,72,0.34898898168682574,0.9989999999838309,4.999999999999148,0.1270656333280847
2023-02-13,2,0.005479452054794521,70,0.26909050473096136,0.3287414435686037,4.999999999999999,0.0437009816324341
2023-02-13,3,0.00821917808219178,86,0.24714618528679488,0.1871226045859493,4.999999999999999,0.04820350735396594
2023-02-13,4,0.010958904109589041,342,0.2727618972741489,0.8711814889678479,4.999999999999999,0.14906236468724485
2023-02-13,8,0.021917808219178082,85,0.16818247984666748,-0.023309623432154175,4.1652922655343945,0.022116567664431826
2023-02-13,9,0.024657534246575342,84,0.17866755919315305,-0.014032307437227503,2.731684578894654,0.01691170559751946
2023-02-13,10,0.0273972602739726,97,0.17521826108022515,-0.07451092494784387,3.4643989845003986,0.018976713188631592
2023-02-13,11,0.030136986301369864,117,0.17405360564197517,-0.1506069282519807,3.093268767557521,0.02012780489630431
2023-02-13,14,0.038356164383561646,98,0.1660693909264316,-0.11820343487692683,2.498943594603162,0.013698985088789545
2023-02-13,15,0.0410958904109589,150,0.15749530392216626,-0.21126429840071384,2.7584092137058978,0.018158729567176117
2023-02-13,16,0.043835616438356165,91,0.1688864297865515,-0.2629949263802293,2.2201538870824504,0.009456001157102881
2023-02-13,17,0.04657534246575343,94,0.16718729903779772,-0.2341044915632154,2.6580293640649884,0.012477519778224649
2023-02-13,18,0.049315068493150684,126,0.1685048063064185,-0.3104404224102888,2.1151742683505153,0.013295618184617245
2023-02-13,21,0.057534246575342465,105,0.16274040817516155,-0.23467608494387251,2.006351173172837,0.011645407771731809
2023-02-13,22,0.06027397260273973,73,0.16386750238279774,-0.3205688988196021,2.452599577189309,0.00954019925278669
2023-02-13,23,0.06301369863013699,77,0.17126843752389936,-0.34085026926986933,1.783161717053373,0.008851403124960872
2023-02-13,24,0.06575342465753424,68,0.1690288056237557,-0.34945566214163487,2.186630010287256,0.008716317140596985
2023-02-13,25,0.0684931506849315,128,0.17151163108224876,-0.3338751541851053,1.8976048438586421,0.012653155692488375
2023-02-13,28,0.07671232876712329,95,0.1671767364241122,-0.39966043268883356,1.9606028275928573,0.008235131834652583
2023-02-13,29,0.07945205479452055,47,0.1778730440483568,-0.36760649100218584,1.7006624020322816,0.011529238866472167
2023-02-13,32,0.08767123287671233,532,0.15755790541385464,-0.2641904695300078,2.5053936827237173,0.025772852357328485
2023-02-13,35,0.0958904109589041,50,0.17535168387780178,-0.43508764814064477,1.6201461297883957,0.009029673347181785
2023-02-13,39,0.10684931506849316,89,0.18550498551389066,-0.5473188618501538,1.5581930414233378,0.009761592714859066
2023-02-13,46,0.12602739726027398,296,0.1761681501715785,-0.45155607266997266,1.656028698438202,0.01582321066302761
2023-02-13,60,0.1643835616438356,73,0.18200641311533564,-0.6233522662416964,1.423323503039861,0.0039238167917260485
2023-02-13,67,0.18356164383561643,553,0.17462723318352094,-0.5398115028793836,1.6710424065132041,0.010235367954339764
2023-02-13,74,0.20273972602739726,282,0.17781124359964182,-0.6579995606808858,1.5458335987721261,0.006712976963373004
2023-02-13,95,0.2602739726027397,504,0.1769060236367729,-0.5896887464111481,1.4400588714075728,0.00938498102304891
2023-02-13,107,0.29315068493150687,155,0.17956216182255744,-0.6973814402347215,1.2094232018734017,0.007694110173251943
2023-02-13,123,0.336986301369863,465,0.17981927883402365,-0.6464017238615646,1.2741112455365362,0.006460679197395129
2023-02-13,137,0.37534246575342467,314,0.18220698702327798,-0.7253770050137335,1.1944286638368844,0.006144599923515412
2023-02-13,158,0.4328767123287671,201,0.18053262586185104,-0.7009407502875105,1.2301874200428236,0.0034078468685430044
2023-02-13,168,0.4602739726027397,126,0.1811872356432419,-0.7150930562304231,1.1833772597139305,0.004284579331801083
2023-02-13,186,0.5095890410958904,121,0.1820357099979458,-0.7123686817380828,1.1079680090413904,0.004614150665951518
2023-02-14,1,0.0027397260273972603,118,0.3009207052784032,-0.37579119987261556,4.999999999999999,0.12729283380725115
2023-02-14,2,0.005479452054794521,146,0.3943392046425765,-0.8849058534496365,4.999999999996135,0.2938490272475162
2023-02-14,3,0.00821917808219178,693,0.543147745381762,-0.4470956264821976,4.999999999999999,0.3287479705924726
2023-02-14,7,0.019178082191780823,118,0.15588409865822023,-0.4445845362554557,4.999999999999999,0.045525685813617066
2023-02-14,8,0.021917808219178082,120,0.17052903735491812,-0.6563457665841997,4.999999999999999,0.09766519251757938
2023-02-14,9,0.024657534246575342,131,0.23589290605382443,-0.8198942718541209,4.999999999999999,0.17168042505020112
2023-02-14,10,0.0273972602739726,196,0.1935186171450528,-0.7063746786278318,4.999999999999999,0.0870683166185877
2023-02-14,13,0.03561643835616438,124,0.13027332917311807,-0.3670435637842091,4.620349713439038,0.016322277456999986
2023-02-14,14,0.038356164383561646,282,0.1315347105054537,-0.44137060145200246,4.228551569266218,0.0184872736379832
2023-02-14,15,0.0410958904109589,105,0.14489510369333025,-0.4090865924783508,3.6191018631265903,0.00745408739152283
2023-02-14,16,0.043835616438356165,118,0.13439929195164027,-0.4884839456415724,4.999999999999999,0.028635166337356653
2023-02-14,17,0.04657534246575343,168,0.1424631372731634,-0.47602413124077786,3.914855446180708,0.01303518754685869
2023-02-14,20,0.0547945205479452,119,0.14210442379384458,-0.4229550253082905,3.200479294979389,0.006988357437520886
2023-02-14,21,0.057534246575342465,85,0.1478731802056263,-0.433381248740726,3.169559947295469,0.007136652177049714
2023-02-14,22,0.06027397260273973,89,0.14877361536765343,-0.4792717552287258,3.0727451886987893,0.007841922670624401
2023-02-14,23,0.06301369863013699,87,0.13191528090054544,-0.4989427913858969,4.216320932511827,0.02399016833487072
2023-02-14,24,0.06575342465753424,152,0.15322740890090877,-0.4767999335962872,3.0419845810795443,0.010032055665461457
2023-02-14,27,0.07397260273972603,106,0.15221593130566866,-0.482897029888897,2.6897641139938906,0.006156076691732372
2023-02-14,28,0.07671232876712329,54,0.16637135779265694,-0.4244861878840376,2.101060404817794,0.007633621592652887
2023-02-14,29,0.07945205479452055,47,0.1661831052861283,-0.5231951658495934,2.1373830582482185,0.004468802867096081
2023-02-14,31,0.08493150684931507,672,0.14734952545334504,-0.44849004210456084,3.069725506179657,0.01878416396785098
2023-02-14,34,0.09315068493150686,59,0.16031326360463524,-0.527343326443964,2.3173545607706147,0.004708198167084389
2023-02-14,38,0.10410958904109589,142,0.16923062833683808,-0.5645863861311827,2.3785680865949153,0.00733051461258782
2023-02-14,45,0.1232876712328767,368,0.15660815372219533,-0.5699055389812839,2.501757987133126,0.013035561962759151
2023-02-14,59,0.16164383561643836,92,0.16344786932118477,-0.5982374308069179,2.2118297362782697,0.009044968226173757
2023-02-14,66,0.18082191780821918,589,0.140748839501362,-0.6337001775888084,2.7615815381626616,0.028775834933276925
2023-02-14,73,0.2,291,0.14821330324898097,-0.5356906907619886,2.4546592013045783,0.02078120189622667
2023-02-14,94,0.25753424657534246,527,0.16489624022233998,-0.6564002799841535,1.8556621343330137,0.010183661885501868
2023-02-14,106,0.29041095890410956,166,0.15972140202569407,-0.5965567310472963,1.8074835079836777,0.014631735858382388
2023-02-14,122,0.33424657534246577,491,0.1696727393552553,-0.6866421441871959,1.614851595281709,0.009745131289175993
2023-02-14,136,0.3726027397260274,322,0.1561831376076811,-0.5366422233835897,1.7998884420665529,0.01726355915733625
2023-02-14,157,0.4301369863013699,208,0.14852859117024764,-0.5911584463102387,1.8830525775483664,0.02959368891284598
2023-02-14,167,0.4575342465753425,127,0.1629748122777764,-0.5983036073772698,1.607343691069166,0.01232620543765437
2023-02-14,185,0.5068493150684932,128,0.1501604854793755,-0.6459323407058228,1.6520166281551538,0.0248003347678837
2023-02-15,1,0.0027397260273972603,61,0.22987508253731392,0.9989999999999999,4.999999999999999,0.16869454874413975
2023-02-15,2,0.005479452054794521,294,0.41269980083720575,0.9989999999751582,4.999999999938972,0.35595431695723007
2023-02-15,6,0.01643835616438356,67,0.11369346616628542,0.18513741783158136,4.999999999999999,0.030304554338273466
2023-02-15,7,0.019178082191780823,67,0.11457297411231578,-0.08520334924670457,4.988767457930282,0.017062937389475265
2023-02-15,8,0.021917808219178082,86,0.11931642402798745,-0.05463630453376272,4.999999999999999,0.021630923523031923
2023-02-15,9,0.024657534246575342,106,0.1242882117238108,-0.16668156650594648,4.452929783219971,0.021149922698667386
2023-02-15,12,0.03287671232876712,88,0.12323477127203294,-0.07594349499934192,3.3996281552100047,0.015869145851113833
2023-02-15,13,0.03561643835616438,138,0.11779505933113059,-0.23555529740091954,3.7193440732695415,0.01857801122834623
2023-02-15,14,0.038356164383561646,88,0.13448208282540539,-0.20621836654968884,2.745703456585668,0.011373885668698357
2023-02-15,15,0.0410958904109589,93,0.1343293051953541,-0.20906086028436777,3.3195325580878405,0.012328426445553093
2023-02-15,16,0.043835616438356165,124,0.13902067638128768,-0.3113909388347969,2.6451328396519984,0.01276755174247688
2023-02-15,19,0.052054794520547946,102,0.134644671874341,-0.22553463524609046,2.4599250332737426,0.011409941965345359
2023-02-15,20,0.0547945205479452,73,0.13886884705292815,-0.27948673555699455,2.7531046848239744,0.011437060948842543
2023-02-15,21,0.057534246575342465,79,0.14837120489744923,-0.32529348362827276,1.9824052659129467,0.012373803532603382
2023-02-15,22,0.06027397260273973,71,0.14626569986561122,-0.3486852964312115,2.4370822869148414,0.008024564261199584
2023-02-15,23,0.06301369863013699,130,0.15110486549300675,-0.3257163803734561,2.13396108450589,0.013658969395901164
2023-02-15,26,0.07123287671232877,96,0.14658852134583833,-0.3946359850549331,2.1818488016020066,0.007937997839380597
2023-02-15,27,0.07397260273972603,47,0.1583572411485376,-0.3228239795461853,1.9141524559475374,0.013471505140683675
2023-02-15,28,0.07671232876712329,46,0.1592278710863149,-0.4366635036430169,1.853206063095991,0.008384828418848963
2023-02-15,29,0.07945205479452055,52,0.16117377917575867,-0.3588629172235044,1.7620571781634344,0.0149691657120994
2023-02-15,30,0.0821917808219178,533,0.13751460085146233,-0.26066198931282963,2.766589300632699,0.025822926608651642
2023-02-15,33,0.09041095890410959,50,0.15527524911205254,-0.41536743590902153,1.8818006004314591,0.008870413404979178
2023-02-15,37,0.10136986301369863,135,0.1683908596747796,-0.5797388766986774,1.7397481202277394,0.008113382678078703
2023-02-15,44,0.12054794520547946,315,0.16092797191056626,-0.4593852377335796,1.8020823127969456,0.014942979516452837
2023-02-15,58,0.1589041095890411,87,0.16718165539940502,-0.6244027391138373,1.6059737579751168,0.004754679614504061
2023-02-15,65,0.1780821917808219,560,0.15979632794169984,-0.5661272807707733,1.8994654663399944,0.008894911222253912
2023-02-15,72,0.19726027397260273,285,0.16139368837150792,-0.6313436573699406,1.812994951647898,0.005773281012910919
2023-02-15,93,0.2547945205479452,510,0.16596194352296378,-0.6008191656359672,1.5435065112220139,0.009037263080723938
2023-02-15,105,0.2876712328767123,158,0.16845341845179898,-0.6864052499698083,1.31872799324322,0.005232247858432298
2023-02-15,121,0.3315068493150685,469,0.17005113746504502,-0.6486817911149767,1.3533102781511246,0.007131297052844531
2023-02-15,135,0.3698630136986301,318,0.17096604503284804,-0.6955442763180141,1.3148147088911089,0.005950762720523696
2023-02-15,156,0.4273972602739726,202,0.16983541272710553,-0.6889400228540125,1.3403693647589876,0.005301772439837609
2023-02-15,166,0.4547945205479452,126,0.17474059082596255,-0.7279398048412462,1.165067909614779,0.005188089642868353
2023-02-15,184,0.5041095890410959,123,0.17298286860863393,-0.7063371696178095,1.190476118101799,0.007272434298184828
2023-02-16,1,0.0027397260273972603,307,0.698913106672489,-0.00574563730316552,4.999999999999999,0.4101583711487421
2023-02-16,5,0.0136986301369863,111,0.15540701761966505,-0.2586309923014366,4.999999999999999,0.04078788253543049
2023-02-16,6,0.01643835616438356,114,0.16105096716361575,-0.5113389710537808,4.999999999999999,0.02231246074442902
2023-02-16,7,0.019178082191780823,130,0.2617390199045652,-0.8695920212365885,4.999999999999999,0.17978200371194505
2023-02-16,8,0.021917808219178082,194,0.21855331904085715,-0.7640018358671093,4.999999999999999,0.09631888665466545
2023-02-16,11,0.030136986301369864,124,0.14547531188060553,-0.47266262243083174,4.620710483437507,0.015564917016691595
2023-02-16,12,0.03287671232876712,273,0.13777593351822998,-0.5007272349947991,4.743958101089629,0.019281070111494495
2023-02-16,13,0.03561643835616438,105,0.15508183747335746,-0.5105665302027599,3.8812387738028264,0.007165315644560518
2023-02-16,14,0.038356164383561646,117,0.16050487802753619,-0.5964456274958976,4.999999999999999,0.03755174596256625
2023-02-16,15,0.0410958904109589,168,0.1528190996267218,-0.5654242302737016,4.16986321923264,0.012055747478014973
2023-02-16,18,0.049315068493150684,119,0.15001936256467183,-0.49917267082941635,3.4022733220302865,0.006821582243234554
2023-02-16,19,0.052054794520547946,95,0.15587568777450583,-0.48801915524808576,3.3471367726864125,0.007966553330676638
2023-02-16,20,0.0547945205479452,91,0.1608837860521371,-0.5428114438416508,3.0467627510494952,0.0054860138279577714
2023-02-16,21,0.057534246575342465,87,0.15407820544463896,-0.5494738920227666,3.799341682691697,0.012409287366079194
2023-02-16,22,0.06027397260273973,151,0.1653910449122524,-0.547191328754317,3.02992992220201,0.008062758740116055
2023-02-16,25,0.0684931506849315,104,0.1617590068559223,-0.5372090465408448,2.6432172820446174,0.005245017188129939
2023-02-16,26,0.07123287671232877,78,0.17103857047279436,-0.47482703625231254,2.2321927295843653,0.010029620177599742
2023-02-16,27,0.07397260273972603,56,0.1661953587360242,-0.5352508405973615,2.6832379393280936,0.020339514619489803
2023-02-16,28,0.07671232876712329,66,0.14180938050007572,-0.5577048246851569,4.474627534206542,0.041292591084795376
2023-02-16,29,0.07945205479452055,654,0.15438829928969153,-0.43470729522184104,3.053168148972638,0.020791575137375434
2023-02-16,32,0.08767123287671233,58,0.16701507481780484,-0.5529841814113046,2.3677720720036928,0.005318104065466062
2023-02-16,36,0.09863013698630137,146,0.18023974622666405,-0.6209428320854431,2.1859902474002326,0.00840284771078261
2023-02-16,43,0.1178082191780822,360,0.1696780527623656,-0.5883062508201141,2.313631918852631,0.010382174311903272
2023-02-16,57,0.15616438356164383,92,0.17756439709544497,-0.6766315430263586,1.9194445091829033,0.012264971868778526
2023-02-16,64,0.17534246575342466,583,0.1639867089140873,-0.6426615187983448,2.329491075466529,0.014809482022661987
2023-02-16,71,0.19452054794520549,291,0.16033719129869772,-0.6020460504002465,2.3080356485470244,0.016241380056342996
2023-02-16,92,0.25205479452054796,522,0.17485158602086218,-0.654342363428745,1.7142223943206512,0.009640673721670365
2023-02-16,104,0.28493150684931506,163,0.17423275454031537,-0.6822346111338348,1.557599256823725,0.004661865971504364
2023-02-16,120,0.3287671232876712,483,0.17802488334427122,-0.6884139278086931,1.5000491429230884,0.006006586157599463
2023-02-16,134,0.36712328767123287,322,0.174169249320408,-0.6604128637562435,1.5280060236848452,0.007133156516416804
2023-02-16,155,0.4246575342465753,206,0.17556889328007214,-0.6968244740319354,1.4753754106536499,0.008279052016081234
2023-02-16,165,0.4520547945205479,127,0.17196613077633247,-0.6392602194111808,1.5157364929643018,0.010343604381050083
2023-02-16,183,0.5013698630136987,124,0.17802111928471676,-0.7157994949770757,1.2986260278565924,0.0060279349248291945
2023-02-17,4,0.010958904109589041,71,0.09894803269441146,0.8321168367338343,4.999999999999999,0.058855334552169215
2023-02-17,5,0.0136986301369863,73,0.11249022982485989,0.010580189170944821,4.999999999999999,0.027510140631320817
2023-02-17,6,0.01643835616438356,125,0.18485698669437453,-0.6568734759696042,4.999999999999999,0.16382908633652554
2023-02-17,7,0.019178082191780823,162,0.12755623190324555,-0.16448251422804275,4.999999999999999,0.022049626530043075
2023-02-17,10,0.0273972602739726,102,0.1232134687666571,-0.18172572134496232,3.982698109981605,0.019890423900581294
2023-02-17,11,0.030136986301369864,159,0.12140346212905695,-0.22092335954041845,4.0705282032934615,0.02358800461008589
2023-02-17,12,0.03287671232876712,94,0.13901109376849358,-0.34867938063792725,3.4527374188809854,0.01324722218090926
2023-02-17,13,0.03561643835616438,100,0.14080650244250828,-0.30806148154239416,3.6976197660876693,0.016957341785549546
2023-02-17,14,0.038356164383561646,151,0.14806782915858985,-0.40286882710340877,3.0254941856652344,0.013174614366867364
2023-02-17,17,0.04657534246575343,109,0.14071087927776865,-0.36777630729482996,2.9426579465698866,0.013338510190343562
2023-02-17,18,0.049315068493150684,86,0.14761467965584013,-0.3589316654003236,3.056597543926734,0.013561414522993503
2023-02-17,19,0.052054794520547946,93,0.15428902125049704,-0.4590632040276137,2.6093527895827164,0.009004445470939211
2023-02-17,20,0.0547945205479452,78,0.1575076287547797,-0.39628920491681596,2.5730499951922257,0.01218111500411953
2023-02-17,21,0.057534246575342465,143,0.16044420692853617,-0.47414101157130095,2.6031686943643506,0.011725352975470593
2023-02-17,24,0.06575342465753424,100,0.15675012174852748,-0.46264100975626954,2.338994524653232,0.011670214181947254
2023-02-17,25,0.0684931506849315,75,0.16550224242851486,-0.4176607067860977,2.1122715549948965,0.012545991468842776
2023-02-17,26,0.07123287671232877,85,0.16808097492711624,-0.509404362787422,1.9646260734776038,0.010606067778727806
2023-02-17,27,0.07397260273972603,56,0.16771203773626234,-0.44394078174488494,2.167929190437935,0.011169110370110695
2023-02-17,28,0.07671232876712329,599,0.14620233697981472,-0.3247035593498529,2.91877539321094,0.027354256857817862
2023-02-17,31,0.08493150684931507,89,0.16319047572861917,-0.49762682336925723,2.1111179932579844,0.008192637322995152
2023-02-17,32,0.08767123287671233,56,0.16455014399042234,-0.5033799118337255,2.126708477053312,0.008031631350221455
2023-02-17,35,0.0958904109589041,153,0.1757820663768347,-0.6137376323813669,2.191524214820459,0.005746894557335224
2023-02-17,42,0.11506849315068493,351,0.1673993609139328,-0.5660841368339485,2.20333344105841,0.012612813099043527
2023-02-17,56,0.15342465753424658,97,0.17536644067797597,-0.671340874545255,1.8455902260301706,0.006084453013944938
2023-02-17,63,0.1726027397260274,577,0.1628109770985063,-0.6241144322955442,2.2177947062741885,0.017793566381485923
2023-02-17,70,0.1917808219178082,291,0.16228222150019533,-0.6216044879029389,2.159556804514862,0.012648680232604738
2023-02-17,91,0.2493150684931507,518,0.17316055720397544,-0.6453800691083141,1.6643417193487124,0.01107954975617699
2023-02-17,103,0.2821917808219178,166,0.16791453329075812,-0.6500093506106062,1.7035661659831964,0.01148286840256201
2023-02-17,119,0.32602739726027397,482,0.17657774722082786,-0.6812618766566652,1.46927186981599,0.00723644573087248
2023-02-17,133,0.3643835616438356,322,0.16415589356122973,-0.5893278919256454,1.707591814984216,0.015468218794583691
2023-02-17,154,0.42191780821917807,414,0.16368218595948936,-0.6369792367183169,1.6503827399597155,0.02900038988678092
2023-02-17,164,0.44931506849315067,126,0.17112599915088192,-0.6368247314977025,1.507692952017272,0.01656311997542455
2023-02-17,182,0.4986301369863014,123,0.1795967053878128,-0.7191793466082219,1.2282134326217882,0.00452607995861221
2023-02-21,1,0.0027397260273972603,104,0.2728326171548097,0.5329522734572302,4.999999999999999,0.10566655491652882
2023-02-21,2,0.005479452054794521,130,0.37824710891375585,-0.7350874500358725,4.999999999999999,0.2588718577412529
2023-02-21,3,0.00821917808219178,194,0.36192859343693695,-0.7731948816670274,4.999999999999999,0.2052512610554843
2023-02-21,6,0.01643835616438356,125,0.20568697379969625,-0.6006836614051678,4.999999999999999,0.0830776256324676
2023-02-21,7,0.019178082191780823,248,0.16639115122080136,-0.2673912038151726,4.999999999999999,0.025876716419698718
2023-02-21,8,0.021917808219178082,109,0.17970460077362135,-0.4220373275916446,4.3502084179052325,0.016061625912662046
2023-02-21,9,0.024657534246575342,124,0.23448209738419912,-0.7366155424226154,4.999999999999994,0.09088477480751905
2023-02-21,10,0.0273972602739726,168,0.17983720709645665,-0.5216347941609296,4.686063935706274,0.01650074822995089
2023-02-21,13,0.03561643835616438,117,0.17277482270652525,-0.469321869164697,3.5268261399641205,0.013356180288700175
2023-02-21,14,0.038356164383561646,95,0.1778064617442657,-0.45514805507072836,3.7185094332359565,0.014225031761008986
2023-02-21,15,0.0410958904109589,100,0.1850307270919901,-0.5163188566928674,3.214873228127997,0.009339815308427096
2023-02-21,16,0.043835616438356165,100,0.17842412424332132,-0.5381456116643295,4.2462672458197135,0.01944340620461834
2023-02-21,17,0.04657534246575343,152,0.1902723279724542,-0.5405219500562056,3.238268833914541,0.01191705596423146
2023-02-21,20,0.0547945205479452,105,0.18358861769397758,-0.5375087807996087,2.8356843833821364,0.009363736242882153
2023-02-21,21,0.057534246575342465,78,0.19194280041713652,-0.5083399999543351,2.6727162591415006,0.010531027021139344
2023-02-21,22,0.06027397260273973,103,0.1818548136994176,-0.5573410606158427,4.054242944308629,0.032567816012841706
2023-02-21,23,0.06301369863013699,89,0.17459654708442734,-0.5897070578477288,4.956460066799929,0.046468526957580344
2023-02-21,24,0.06575342465753424,658,0.1722047318730329,-0.41705203027614685,3.281909276334786,0.0260927812419236
2023-02-21,27,0.07397260273972603,100,0.18829390621597591,-0.5531072285119634,2.3593507891652816,0.008801654957976657
2023-02-21,28,0.07671232876712329,61,0.1548394022804348,-0.5181929838075242,4.37121445986836,0.059947975885989026
2023-02-21,29,0.07945205479452055,65,0.167827384088764,-0.4830052835368431,4.106562814119247,0.05047725391376748
2023-02-21,31,0.08493150684931507,157,0.20092437038196345,-0.6380970566081692,2.396841660722733,0.007966904874172471
2023-02-21,38,0.10410958904109589,365,0.1874065606982827,-0.6026865181601728,2.470037307779503,0.011875063494882912
2023-02-21,52,0.14246575342465753,99,0.19480675074131693,-0.6748658126494922,2.085595339909592,0.007177006334707579
2023-02-21,59,0.16164383561643836,583,0.1820496848217373,-0.6612211587490535,2.411807491993732,0.016433284095519668
2023-02-21,66,0.18082191780821918,291,0.18027598539614442,-0.6546258291734853,2.329585040113864,0.01721260721880848
2023-02-21,87,0.23835616438356164,524,0.18977442063367916,-0.6763155446106046,1.7712272469453265,0.009347062274062604
2023-02-21,99,0.27123287671232876,164,0.18890661071105627,-0.6987223594788596,1.5996475454785453,0.0054481825426196786
2023-02-21,115,0.3150684931506849,489,0.1913659306712574,-0.7056846454800416,1.5558987357939449,0.007369871963413635
2023-02-21,129,0.35342465753424657,322,0.18355755243540292,-0.6577801851766365,1.6591701077269452,0.011870243891395736
2023-02-21,150,0.410958904109589,415,0.18048158275369636,-0.6743979532938721,1.6696792281060704,0.023621336737966875
2023-02-21,160,0.4383561643835616,127,0.18734011474375678,-0.6784581280458547,1.5081881634862766,0.010439078343998674
2023-02-21,178,0.4876712328767123,126,0.18676717515971,-0.7286830435747512,1.3882688945627102,0.01292760165045677
2023-02-22,1,0.0027397260273972603,86,0.26789834847581695,0.9989999999853304,4.999999999981886,0.17156689401114694
2023-02-22,2,0.005479452054794521,112,0.21628118763642992,0.8486434231094534,4.999999999999999,0.085708889092753
2023-02-22,5,0.0136986301369863,97,0.1395133877256127,0.031518059450176536,4.999999999999999,0.03375638339565731
2023-02-22,6,0.01643835616438356,150,0.14029532616148166,0.054301690522142614,4.999999999999999,0.03640383358267704
2023-02-22,7,0.019178082191780823,99,0.14374175221792124,-0.25199670709212224,4.772127243421245,0.022875964343425054
2023-02-22,8,0.021917808219178082,99,0.1477355074462956,-0.29011083848939534,4.999999999999999,0.02743125831248834
2023-02-22,9,0.024657534246575342,132,0.15439326899567415,-0.2951770345807573,4.039446222338388,0.022566980115020265
2023-02-22,12,0.03287671232876712,107,0.14572044809323367,-0.3563751199758053,3.69739325910447,0.019514005927096702
2023-02-22,13,0.03561643835616438,83,0.15587482977734207,-0.4203557471404456,4.1275134849748545,0.01851045778883449
2023-02-22,14,0.038356164383561646,90,0.1640900807552389,-0.4302458047982227,3.1847956613094883,0.01397411966862698
2023-02-22,15,0.0410958904109589,85,0.16557501730474516,-0.34556838354215375,3.0254426565687877,0.018558712329531976
2023-02-22,16,0.043835616438356165,138,0.17253799354376845,-0.4209306114312503,2.8965135604513965,0.018032786189299783
2023-02-22,19,0.052054794520547946,97,0.16704411897908278,-0.45621417539130893,2.7785870270835913,0.014459269443595477
2023-02-22,20,0.0547945205479452,74,0.17618974978190144,-0.3992472628582486,2.4938698930919774,0.01596024946644607
2023-02-22,21,0.057534246575342465,94,0.18206814581509426,-0.4971943903884465,2.167821602573473,0.014150039151337819
2023-02-22,22,0.06027397260273973,77,0.18142768208839014,-0.42118737784401156,2.365062173388308,0.01411245292972203
2023-02-22,23,0.06301369863013699,558,0.15272894811343482,-0.3144435921331841,3.3395830284768575,0.03354029111909947
2023-02-22,26,0.07123287671232877,96,0.1758182539669168,-0.48264172345398226,2.1786645947819445,0.012906155514712365
2023-02-22,27,0.07397260273972603,54,0.1754728343792638,-0.4285843538285401,2.106449593511597,0.012291209097834752
2023-02-22,28,0.07671232876712329,53,0.18981889350701237,-0.5181715946630765,1.8954552731142067,0.010725546883305265
2023-02-22,29,0.07945205479452055,57,0.19238315222574834,-0.5055481041658877,2.003208705781756,0.010967308674688422
2023-02-22,30,0.0821917808219178,152,0.1903838260572781,-0.5870934330147292,2.021593869790098,0.01233315580164632
2023-02-22,37,0.10136986301369863,344,0.17927337684955366,-0.5034583352349793,2.0907794246706572,0.015771208073004094
2023-02-22,51,0.13972602739726028,96,0.18801356551059362,-0.6625283158994402,1.6865957999613492,0.005341333139724513
2023-02-22,58,0.1589041095890411,560,0.17888310740749366,-0.584173473234462,1.9542636651763772,0.011472243373057014
2023-02-22,65,0.1780821917808219,284,0.18480791847430644,-0.6938426885206607,1.7300688717130661,0.005846855989071402
2023-02-22,86,0.2356164383561644,510,0.18220210339224596,-0.6215830229768846,1.6064542376066966,0.009295714999380943
2023-02-22,98,0.2684931506849315,187,0.1855057260396563,-0.7060031026963508,1.3316752230270144,0.005597039757492963
2023-02-22,114,0.31232876712328766,473,0.18517033061211363,-0.6671731841148234,1.4047940130551422,0.007208196043475671
2023-02-22,128,0.3506849315068493,318,0.18754044169177503,-0.7236550032380998,1.3130998859448797,0.004971862434676571
2023-02-22,149,0.40821917808219177,401,0.18655667252393296,-0.7025564654164538,1.279418338533766,0.006112167942915518
2023-02-22,159,0.43561643835616437,124,0.19243696719398137,-0.7718285936654138,1.0692601923188538,0.012612681147399798
2023-02-22,177,0.4849315068493151,121,0.18724980474045877,-0.7197772816338542,1.1842813467298114,0.0047650737305665915
2023-02-23,1,0.0027397260273972603,188,0.6451714239654274,-0.8666793195062702,4.999999998046143,0.4140271865375154
2023-02-23,4,0.010958904109589041,127,0.3166905539102799,-0.9200488886117779,4.999999999999945,0.24048712791542132
2023-02-23,5,0.0136986301369863,306,0.37967211632723324,-0.8884891787863373,4.999999999999999,0.22917626090382842
2023-02-23,6,0.01643835616438356,127,0.29611138832593276,-0.9364475746797732,4.999999999999999,0.2112960724657194
2023-02-23,7,0.019178082191780823,137,0.27768596510648286,-0.8804406981061981,4.999999999999999,0.18811460383312326
2023-02-23,8,0.021917808219178082,175,0.2734007655278537,-0.8788571707784145,4.999999999999999,0.16463114602299483
2023-02-23,11,0.030136986301369864,138,0.23478521742196845,-0.8538065528573269,4.999999999999999,0.14484051449810736
2023-02-23,12,0.03287671232876712,132,0.2277388218144888,-0.7974565412597736,4.999999999999999,0.13068285673013882
2023-02-23,13,0.03561643835616438,124,0.22586337204075374,-0.8111121736393149,4.999999999999999,0.11647015081561192
2023-02-23,14,0.038356164383561646,120,0.22565135533115957,-0.7859699145279062,4.999999999999999,0.1170888000979898
2023-02-23,15,0.0410958904109589,173,0.19494366219446982,-0.7063986741129936,4.999999999999999,0.07511809153831156
2023-02-23,18,0.049315068493150684,129,0.18022437234696653,-0.6820384834487304,4.999999999999999,0.06138401213807371
2023-02-23,19,0.052054794520547946,111,0.18226651137700986,-0.5594096624670958,3.15389763453326,0.009327235903178474
2023-02-23,20,0.0547945205479452,117,0.18363086351658653,-0.6050653019429408,3.211157118754698,0.008634068557680483
2023-02-23,21,0.057534246575342465,107,0.1640923384872366,-0.579362830417496,4.871093036994185,0.03855375852072781
2023-02-23,22,0.06027397260273973,701,0.14773480106385548,-0.6775667380363545,4.999999999999999,0.05067746207192523
2023-02-23,25,0.0684931506849315,125,0.1560470795008034,-0.5798886818103212,4.504519274081796,0.035316075101098375
2023-02-23,26,0.07123287671232877,98,0.16293616510823486,-0.5881365137558057,4.006836159081124,0.028771374437256504
2023-02-23,27,0.07397260273972603,65,0.18181638653412552,-0.6025046215015846,3.3856677205395025,0.02046305609272219
2023-02-23,28,0.07671232876712329,68,0.1683007404251141,-0.6183675051787042,4.220619929965023,0.04482290282332951
2023-02-23,29,0.07945205479452055,166,0.16900838160530798,-0.6374447979819775,4.073762861513542,0.035434659659779134
2023-02-23,36,0.09863013698630137,373,0.1426479588439018,-0.6744825110739865,3.8552771483783297,0.04052652922960244
2023-02-23,50,0.136986301369863,111,0.16949172469639415,-0.6054995582667958,2.9582371812192965,0.024796396047093452
2023-02-23,57,0.15616438356164383,600,0.14620024376275023,-0.7146072144487202,3.420912890461803,0.046508738945045855
2023-02-23,64,0.17534246575342466,296,0.1605545493608022,-0.6471586826107637,2.773329740089837,0.029370981523662118
2023-02-23,71,0.19452054794520549,77,0.17844434285574906,-0.6968858531552367,2.490517878600659,0.02244972846412364
2023-02-23,85,0.2328767123287671,577,0.15889913690765092,-0.7193268967777577,2.5969144002589224,0.040109375277175084
2023-02-23,97,0.26575342465753427,197,0.17218707000514344,-0.6532477764087841,2.024244350522507,0.01770239352758669
2023-02-23,113,0.3095890410958904,528,0.17262056001772258,-0.7196284364758732,1.9639927924771807,0.021598944554185845
2023-02-23,127,0.34794520547945207,322,0.17168739295997384,-0.6311323584731727,1.8115160031904836,0.017280854580846564
2023-02-23,148,0.4054794520547945,416,0.15760345971563147,-0.6301610763907319,2.023345340827604,0.036535666583921995
2023-02-23,158,0.4328767123287671,127,0.17827042370823737,-0.6599006225609405,1.6173698705428672,0.013687684453518556
2023-02-23,176,0.4821917808219178,200,0.1667612306648609,-0.6917746474084131,1.7420567451772775,0.029387364559661715
2023-02-24,3,0.00821917808219178,84,0.11445548178897981,0.998999999999257,4.999999999999999,0.0631849592417876
2023-02-24,4,0.010958904109589041,138,0.13113733680497092,0.8528059919544538,4.999999999999999,0.059279987794119034
2023-02-24,5,0.0136986301369863,93,0.128520825274726,0.034705668897562596,4.999999999999999,0.027720478106171315
2023-02-24,6,0.01643835616438356,100,0.13211310423189224,-0.0004360441073537162,4.999999999999999,0.03507550221308046
2023-02-24,7,0.019178082191780823,119,0.13561723427586986,-0.22718233128132384,4.999999999999999,0.02429599676953322
2023-02-24,10,0.0273972602739726,107,0.12488700492577778,-0.2546935272343428,4.273848023409407,0.021213587300449702
2023-02-24,11,0.030136986301369864,108,0.13806142590448603,-0.2370283596559306,4.143337171990156,0.022123095398049016
2023-02-24,12,0.03287671232876712,109,0.1496355548896653,-0.22161213365837854,2.9921581892007936,0.017861669150603898
2023-02-24,13,0.03561643835616438,98,0.15301922162484358,-0.3072285228883833,3.525318484327848,0.015908816148916614
2023-02-24,14,0.038356164383561646,136,0.1623953635277626,-0.31231980519070973,3.0457020310800185,0.02036098205201359
2023-02-24,17,0.04657534246575343,112,0.15791508617505967,-0.3738344121641812,2.8424754189181547,0.0146744680619223
2023-02-24,18,0.049315068493150684,103,0.17324971300574893,-0.3733674410836826,2.6491694542184123,0.014631851076007155
2023-02-24,19,0.052054794520547946,108,0.17733201672499058,-0.4463599850242665,2.3913493053788706,0.011938010222228918
2023-02-24,20,0.0547945205479452,92,0.17828700253626892,-0.4179643115091412,2.582166684104632,0.012658601298204493
2023-02-24,21,0.057534246575342465,539,0.1438917644172495,-0.27169658719850204,3.541785231838205,0.03585517804699195
2023-02-24,24,0.06575342465753424,111,0.17207058046492674,-0.44117206120858193,2.1574839128993952,0.013836009319808872
2023-02-24,25,0.0684931506849315,81,0.17405255065077327,-0.41344645413193415,2.2404789175778315,0.01166332809404239
2023-02-24,26,0.07123287671232877,90,0.19072336638325563,-0.45117239627796485,1.6427403615458547,0.01472681771933542
2023-02-24,27,0.07397260273972603,57,0.18919719556363526,-0.4208772753841303,1.9026158565821312,0.01375008823320871
2023-02-24,28,0.07671232876712329,162,0.1876647519334226,-0.5313558675907202,1.9662336230432895,0.012301588741999289
2023-02-24,31,0.08493150684931507,50,0.18820990724119427,-0.4533648116188528,1.5276458937582493,0.011739941054059368
2023-02-24,35,0.0958904109589041,325,0.1766176745768509,-0.41242685409839147,1.9410303343239639,0.019826277805580654
2023-02-24,41,0.11232876712328767,57,0.18682984356811705,-0.6032715969452721,1.7173421420035875,0.004640742575728798
2023-02-24,49,0.13424657534246576,103,0.1876878065668414,-0.6344442411516901,1.5766110165992686,0.0063354075025576755
2023-02-24,56,0.15342465753424658,574,0.17895453226403082,-0.5572447621650398,1.914623963599391,0.0130768000850437
2023-02-24,63,0.1726027397260274,290,0.18553012500276478,-0.673038307518988,1.7077797362992118,0.005897791959613069
2023-02-24,70,0.1917808219178082,77,0.18835839709976052,-0.6595166235712343,1.7375712192711072,0.008420795724096212
2023-02-24,84,0.23013698630136986,551,0.1837160829034861,-0.6006965122082232,1.5674057892530895,0.010691193339365763
2023-02-24,96,0.26301369863013696,262,0.1864797288941931,-0.6999321429788493,1.283271466729243,0.004500750457833378
2023-02-24,112,0.30684931506849317,504,0.18703016054480623,-0.6520258233736376,1.3567116920675855,0.0091315077767365
2023-02-24,126,0.3452054794520548,319,0.1878156773711158,-0.7044135972738348,1.2959736462723588,0.00716245624057293
2023-02-24,147,0.40273972602739727,404,0.18770069752861607,-0.701318458731393,1.2877806297524534,0.006417057807318193
2023-02-24,157,0.4301369863013699,127,0.18976701775860966,-0.7260166563255019,1.2232927548203332,0.006691828674733967
2023-02-24,175,0.4794520547945205,195,0.1898025235541924,-0.7170927872911677,1.15338877758957,0.004561447177159737
2023-02-27,1,0.0027397260273972603,131,0.3281957205895645,0.9989999999999999,4.999999999999999,0.2029569994441068
2023-02-27,2,0.005479452054794521,91,0.1747829771883565,0.6907071931306886,4.999999999999999,0.0633055875224472
2023-02-27,3,0.00821917808219178,101,0.1715434996832979,0.4292673398623941,4.999999999999998,0.06693128538797881
2023-02-27,4,0.010958904109589041,120,0.16266934980181422,0.08179560181887363,4.999999999999999,0.03851111052770893
2023-02-27,7,0.019178082191780823,106,0.12490953987009971,-0.1497989660905592,4.999999999999999,0.025848396036033262
2023-02-27,8,0.021917808219178082,108,0.1377453358833453,-0.17843065251196333,4.999999999963159,0.025207969468210797
2023-02-27,9,0.024657534246575342,110,0.1507907067790975,-0.1723624230922944,3.5481630990179385,0.018937294098358586
2023-02-27,10,0.0273972602739726,107,0.1535076465450299,-0.19404901696399499,3.765595342996559,0.019296612538765967
2023-02-27,11,0.030136986301369864,144,0.1643637304309874,-0.21521391928505354,3.2853313393972594,0.022471613205386275
2023-02-27,14,0.038356164383561646,113,0.15608232308247078,-0.3207374146084505,3.124749436738825,0.015771084562047982
2023-02-27,15,0.0410958904109589,104,0.17427156384844722,-0.29809532036813363,2.742932468034055,0.017176954008273692
2023-02-27,16,0.043835616438356165,108,0.1778294761306025,-0.40203529567889684,2.6139387206376026,0.012311484367617592
2023-02-27,17,0.04657534246575343,101,0.17916800295408447,-0.3313203232471435,2.6016158936013793,0.013882105062556936
2023-02-27,18,0.049315068493150684,552,0.1416579735001511,-0.21683819445722838,3.848130108632813,0.037753073708898424
2023-02-27,21,0.057534246575342465,112,0.17061931951102524,-0.4094939144901954,2.3862023608967795,0.012116022863997612
2023-02-27,22,0.06027397260273973,84,0.17400948322814097,-0.3405610192682444,2.147915568739699,0.013588803026340291
2023-02-27,23,0.06301369863013699,91,0.19019831279910362,-0.44585557247217367,1.8834801382438733,0.010619657039291549
2023-02-27,24,0.06575342465753424,81,0.1908891287638959,-0.41549744431713426,2.154040266378426,0.01144097129596391
2023-02-27,25,0.0684931506849315,164,0.18662660647016577,-0.4999120915551974,2.1160607339215,0.012152190747877111
2023-02-27,28,0.07671232876712329,51,0.18706097388441317,-0.42919339494413067,1.7060557125502427,0.010362898489255139
2023-02-27,29,0.07945205479452055,56,0.1844489341672519,-0.44466665631074315,1.9470948040946454,0.009770101566204562
2023-02-27,32,0.08767123287671233,338,0.17378398324326375,-0.4637309970218497,2.3002991758148075,0.016584417774704006
2023-02-27,38,0.10410958904109589,58,0.18231175775607036,-0.5752357443767359,1.8916819257160962,0.005327908424592363
2023-02-27,46,0.12602739726027398,106,0.18226316278995033,-0.6214175752485953,1.8937768596625637,0.006047817659375297
2023-02-27,53,0.14520547945205478,581,0.17187188998967778,-0.5629480803573874,2.1239716353651734,0.012091279193602337
2023-02-27,60,0.1643835616438356,295,0.17177580655760807,-0.6284752069013384,2.1137760233223,0.013099696774126408
2023-02-27,67,0.18356164383561643,79,0.1755740582083341,-0.6311820771834584,2.3052541138874885,0.019012789022311766
2023-02-27,81,0.2219178082191781,555,0.1794483254249441,-0.6062490037304509,1.656263078368494,0.009106014437490371
2023-02-27,93,0.2547945205479452,264,0.1810062499477918,-0.6760815839402494,1.3930767244858862,0.004841436755266339
2023-02-27,109,0.29863013698630136,505,0.18275572808868357,-0.6488788017788031,1.4137037693442562,0.008124768155380144
2023-02-27,123,0.336986301369863,320,0.1817575537125838,-0.6795769767301301,1.4102551506203231,0.007191019209807744
2023-02-27,144,0.39452054794520547,408,0.18264353862063482,-0.6924956456137338,1.3624422602346016,0.008166644289624322
2023-02-27,154,0.42191780821917807,127,0.1805007049615218,-0.6602990692828219,1.418543885712718,0.009170779801226556
2023-02-27,172,0.4712328767123288,196,0.18612407069420273,-0.7108742701362873,1.199834230399194,0.005110148786455311
2023-02-27,200,0.547945205479452,131,0.18468948837826887,-0.7019099571836178,1.0961535720862112,0.004704543671791375
2023-02-28,1,0.0027397260273972603,129,0.5444484966643156,-0.8933671060197776,4.999999999858081,0.39493718642273473
2023-02-28,2,0.005479452054794521,134,0.4387574845758505,-0.8427155618388935,4.999999998400206,0.3104843377665562
2023-02-28,3,0.00821917808219178,172,0.45502754440898907,-0.9261703483912074,4.999999999990768,0.298112091498517
2023-02-28,6,0.01643835616438356,136,0.3126841280652005,-0.9269968985372647,4.999999999999999,0.2210569710589008
2023-02-28,7,0.019178082191780823,134,0.3191467819653446,-0.9121620721094371,4.999999999999999,0.22436960096670389
2023-02-28,8,0.021917808219178082,131,0.3198193624359908,-0.9515339199105449,4.999999999999999,0.23079969591382368
2023-02-28,9,0.024657534246575342,124,0.31165908199004344,-0.932142495555685,4.999999999999999,0.21559839720334972
2023-02-28,10,0.0273972602739726,173,0.29556705740525824,-0.8789000014010832,4.999999999999939,0.16298751733227998
2023-02-28,13,0.03561643835616438,133,0.27406257844178655,-0.8838608972318412,4.999999999999999,0.16099825234496587
2023-02-28,14,0.038356164383561646,123,0.28649337585516305,-0.8628580203127026,4.999999999999999,0.16655771519989368
2023-02-28,15,0.0410958904109589,128,0.26927492290546406,-0.8387601365309012,4.999999999999999,0.1415672653746235
2023-02-28,16,0.043835616438356165,115,0.26925300675434527,-0.816434067100599,4.999999999999999,0.14521067844256078
2023-02-28,17,0.04657534246575343,699,0.25952068848720433,-0.7402517976144631,4.999999999999999,0.1278013457686911
2023-02-28,20,0.0547945205479452,131,0.23633187947873954,-0.7401666488992726,4.999999999999999,0.12407610506514599
2023-02-28,21,0.057534246575342465,98,0.22364868112140107,-0.7174889084318445,4.999999999999999,0.10207383071589121
2023-02-28,22,0.06027397260273973,107,0.21126724971132085,-0.6449631930527171,4.999999999999999,0.08306713458624339
2023-02-28,23,0.06301369863013699,92,0.21934824972975134,-0.680879000860594,4.999999999999999,0.08663826069230036
2023-02-28,24,0.06575342465753424,182,0.19316828857462517,-0.6907618497288949,4.999999999999999,0.06903926642034668
2023-02-28,27,0.07397260273972603,64,0.19568504693177363,-0.5632275239660981,4.999999999999999,0.08906133886945486
2023-02-28,28,0.07671232876712329,57,0.19055695361515174,-0.6805467108981295,3.2701107518399413,0.01315311979289219
2023-02-28,29,0.07945205479452055,52,0.18926950992835354,-0.6989113293583343,3.329735870414955,0.013232942215573066
2023-02-28,31,0.08493150684931507,373,0.15368465407831836,-0.745499687202701,4.999999999999999,0.06195738651828433
2023-02-28,37,0.10136986301369863,71,0.14584280546711195,-0.662406498063525,4.999999999999963,0.05356689408408212
2023-02-28,45,0.1232876712328767,154,0.1484427648677081,-0.5610631337213704,4.132037845245668,0.04070342531139686
2023-02-28,52,0.14246575342465753,606,0.12351153998462587,-0.806738823620577,4.885179594307114,0.06438743047185794
2023-02-28,59,0.16164383561643836,298,0.14784135936556936,-0.6654311401039357,3.5310570907932504,0.04032244062153797
2023-02-28,66,0.18082191780821918,97,0.15826346495072147,-0.6081802936385498,3.3524112112601627,0.03880161767463234
2023-02-28,80,0.2191780821917808,575,0.15322708184161196,-0.7653863127570325,3.2212997300386053,0.052597057414524806
2023-02-28,92,0.25205479452054796,270,0.15797827049126237,-0.6010251632772236,2.5111315817895465,0.029658797435997718
2023-02-28,108,0.2958904109589041,528,0.14671887797074953,-0.7458814132575443,2.7893433812818142,0.05458349806915937
2023-02-28,122,0.33424657534246577,322,0.16066413386067108,-0.5926697301993903,2.1690127953931153,0.027118216340758554
2023-02-28,143,0.3917808219178082,416,0.14127630223384086,-0.6153203198130276,2.4186619341143443,0.052246218972787965
2023-02-28,153,0.4191780821917808,127,0.17337459090104207,-0.6250584235596737,1.7900069389169095,0.01820687683233147
2023-02-28,171,0.4684931506849315,203,0.1568199098163181,-0.6798517219100034,2.004748243734655,0.04004388315567136
2023-02-28,199,0.5452054794520548,137,0.1459223131578926,-0.701489732499535,1.866945695442755,0.04185858011167647
