,contractSymbol,lastTradeDate,strike,Last,bid,ask,change,percentChange,volume,openInterest,impliedVolatility,inTheMoney,contractSize,currency
0,SPXW250403P02400000,2025-03-12 15:07:57+00:00,2400.0,0.1,0.0,0.05,0.0,0.0,13.0,126,4.2812546484375,False,REGULAR,USD
1,SPXW250403P02600000,2025-04-03 16:34:21+00:00,2600.0,0.05,0.0,0.05,-0.26999998,-84.37499,2.0,8,3.8750003125,False,REGULAR,USD
2,SPXW250403P02800000,2025-04-03 13:30:25+00:00,2800.0,0.05,0.0,0.05,-0.10000001,-66.66667,2.0,130,3.50000125,False,REGULAR,USD
3,SPXW250403P03000000,2025-03-20 19:40:59+00:00,3000.0,0.05,0.0,0.05,0.0,0.0,1.0,92,3.156252109375,False,REGULAR,USD
4,SPXW250403P03200000,2025-03-17 19:51:10+00:00,3200.0,0.12,0.0,0.05,0.0,0.0,5.0,5,2.8281279296874997,False,REGULAR,USD
5,SPXW250403P03400000,2025-04-03 15:38:19+00:00,3400.0,0.05,0.0,0.05,0.0,0.0,1.0,23,2.5156287109374995,False,REGULAR,USD
6,SPXW250403P03600000,2025-03-31 13:51:22+00:00,3600.0,0.03,0.0,0.05,0.0,0.0,3.0,87,2.2265669335937495,False,REGULAR,USD
7,SPXW250403P03800000,2025-04-03 13:41:23+00:00,3800.0,0.05,0.0,0.05,0.0,0.0,1.0,945,1.953125234375,False,REGULAR,USD
8,SPXW250403P04000000,2025-04-03 13:30:24+00:00,4000.0,0.05,0.0,0.05,0.0,0.0,50.0,1203,1.6875015625,False,REGULAR,USD
9,SPXW250403P04200000,2025-04-01 19:14:51+00:00,4200.0,0.05,0.0,0.05,0.0,0.0,417.0,4394,1.4296903515625,False,REGULAR,USD
10,SPXW250403P04300000,2025-04-02 20:08:38+00:00,4300.0,0.05,0.0,0.05,0.0,0.0,23.0,1218,1.3125034374999998,False,REGULAR,USD
11,SPXW250403P04400000,2025-04-03 15:01:58+00:00,4400.0,0.05,0.0,0.05,0.0,0.0,3.0,1862,1.1875040625,False,REGULAR,USD
12,SPXW250403P04500000,2025-04-03 14:12:31+00:00,4500.0,0.05,0.0,0.05,0.0,0.0,24.0,29628,1.0703171484375003,False,REGULAR,USD
13,SPXW250403P04600000,2025-04-03 07:31:05+00:00,4600.0,0.05,0.0,0.05,-0.02,-28.571428,12.0,4640,0.9531254687499999,False,REGULAR,USD
14,SPXW250403P04700000,2025-04-03 14:50:41+00:00,4700.0,0.05,0.0,0.05,-0.05,-50.0,59.0,17539,0.8398453515625,False,REGULAR,USD
15,SPXW250403P04750000,2025-04-03 13:31:19+00:00,4750.0,0.05,0.0,0.05,-0.02,-28.571428,14.0,7920,0.7812521875,False,REGULAR,USD
16,SPXW250403P04800000,2025-04-03 15:23:25+00:00,4800.0,0.03,0.0,0.05,-0.07,-70.0,268.0,3274,0.726565234375,False,REGULAR,USD
17,SPXW250403P04850000,2025-04-03 14:29:20+00:00,4850.0,0.05,0.0,0.05,-0.10000001,-66.66667,327.0,4794,0.6718782812500002,False,REGULAR,USD
18,SPXW250403P04900000,2025-04-03 15:10:04+00:00,4900.0,0.03,0.0,0.05,-0.120000005,-80.0,644.0,6093,0.6132851171875001,False,REGULAR,USD
19,SPXW250403P04950000,2025-04-03 15:20:52+00:00,4950.0,0.03,0.0,0.05,-0.120000005,-80.0,1161.0,3645,0.5585981640625001,False,REGULAR,USD
20,SPXW250403P04975000,2025-04-03 15:35:45+00:00,4975.0,0.03,0.0,0.05,-0.17,-85.0,506.0,1266,0.5312546875,False,REGULAR,USD
21,SPXW250403P05000000,2025-04-03 16:54:58+00:00,5000.0,0.05,0.0,0.05,-0.15,-75.0,438.0,10475,0.5039112109375,False,REGULAR,USD
22,SPXW250403P05025000,2025-04-03 15:26:33+00:00,5025.0,0.05,0.0,0.05,-0.15,-75.0,397.0,504,0.5039112109375,False,REGULAR,USD
23,SPXW250403P05050000,2025-04-03 16:54:12+00:00,5050.0,0.05,0.0,0.05,-0.15,-75.0,746.0,871,0.47461462890625,False,REGULAR,USD
24,SPXW250403P05075000,2025-04-03 15:55:06+00:00,5075.0,0.03,0.0,0.05,-0.22999999,-88.46153,960.0,751,0.446294599609375,False,REGULAR,USD
25,SPXW250403P05100000,2025-04-03 16:04:56+00:00,5100.0,0.05,0.0,0.05,-0.2,-80.0,2232.0,1613,0.41797457031249996,False,REGULAR,USD
26,SPXW250403P05125000,2025-04-03 17:15:43+00:00,5125.0,0.05,0.0,0.1,-0.2,-80.0,2130.0,855,0.414068359375,False,REGULAR,USD
27,SPXW250403P05150000,2025-04-03 16:50:26+00:00,5150.0,0.05,0.05,0.1,-0.15,-75.0,2710.0,7071,0.383795224609375,False,REGULAR,USD
28,SPXW250403P05175000,2025-04-03 17:11:53+00:00,5175.0,0.05,0.0,0.05,-0.29999998,-85.71428,959.0,1768,0.33008482421874996,False,REGULAR,USD
29,SPXW250403P05200000,2025-04-03 17:15:36+00:00,5200.0,0.05,0.0,0.05,-0.25,-83.33333,8186.0,2004,0.301764794921875,False,REGULAR,USD
30,SPXW250403P05225000,2025-04-03 17:14:10+00:00,5225.0,0.07,0.05,0.15,-0.28,-80.0,2498.0,838,0.304694453125,False,REGULAR,USD
31,SPXW250403P05240000,2025-04-03 17:07:07+00:00,5240.0,0.05,0.05,0.2,-0.2,-80.0,1485.0,170,0.29492892578124996,False,REGULAR,USD
32,SPXW250403P05250000,2025-04-03 17:09:51+00:00,5250.0,0.05,0.15,0.2,-0.32999998,-86.84211,4482.0,3485,0.28174546386718746,False,REGULAR,USD
33,SPXW250403P05260000,2025-04-03 17:10:16+00:00,5260.0,0.07,0.05,0.1,-0.33,-82.5,1499.0,766,0.24805439453125,False,REGULAR,USD
34,SPXW250403P05270000,2025-04-03 17:07:41+00:00,5270.0,0.07,0.1,0.15,-0.4,-85.106384,1658.0,139,0.24658956542968752,False,REGULAR,USD
35,SPXW250403P05275000,2025-04-03 17:08:45+00:00,5275.0,0.15,0.1,0.15,-0.22,-59.459457,3144.0,3445,0.24024197265624997,False,REGULAR,USD
36,SPXW250403P05280000,2025-04-03 17:17:28+00:00,5280.0,0.1,0.05,0.1,-0.35,-77.77778,3645.0,905,0.22315229980468748,False,REGULAR,USD
37,SPXW250403P05290000,2025-04-03 17:15:17+00:00,5290.0,0.12,0.1,0.15,-0.34,-69.38776,3984.0,244,0.22071091796874998,False,REGULAR,USD
38,SPXW250403P05300000,2025-04-03 17:14:31+00:00,5300.0,0.17,0.1,0.15,-0.32999998,-66.0,20704.0,4930,0.20752745605468748,False,REGULAR,USD
39,SPXW250403P05310000,2025-04-03 17:16:10+00:00,5310.0,0.17,0.15,0.2,-0.32999998,-66.0,7403.0,2933,0.20142400146484374,False,REGULAR,USD
40,SPXW250403P05320000,2025-04-03 17:14:55+00:00,5320.0,0.25,0.2,0.25,-0.15,-42.857143,6223.0,1337,0.19336744140625,False,REGULAR,USD
41,SPXW250403P05325000,2025-04-03 17:15:08+00:00,5325.0,0.27,0.2,0.25,-0.13,-32.5,9197.0,3967,0.18640950317382812,False,REGULAR,USD
42,SPXW250403P05330000,2025-04-03 17:16:55+00:00,5330.0,0.3,0.25,0.3,-0.26999998,-47.36842,10560.0,2833,0.1840901904296875,False,REGULAR,USD
43,SPXW250403P05340000,2025-04-03 17:16:33+00:00,5340.0,0.37,0.3,0.4,-0.07999998,-17.777775,12563.0,623,0.1771322521972656,False,REGULAR,USD
44,SPXW250403P05350000,2025-04-03 17:17:17+00:00,5350.0,0.55,0.5,0.55,0.060000002,14.634147,28366.0,4647,0.17078465942382814,False,REGULAR,USD
45,SPXW250403P05355000,2025-04-03 17:16:33+00:00,5355.0,0.57,0.55,0.6,-0.07999998,-11.764703,9550.0,269,0.16529155029296877,False,REGULAR,USD
46,SPXW250403P05360000,2025-04-03 17:16:28+00:00,5360.0,0.65,0.6,0.7,-0.13,-16.666668,15444.0,1419,0.16175154663085936,False,REGULAR,USD
47,SPXW250403P05365000,2025-04-03 17:17:30+00:00,5365.0,0.95,0.9,1.0,0.5,111.111115,16421.0,1207,0.16462017028808595,False,REGULAR,USD
48,SPXW250403P05370000,2025-04-03 17:17:36+00:00,5370.0,1.1,1.1,1.2,0.40000004,57.142864,18808.0,2334,0.16205671936035154,False,REGULAR,USD
49,SPXW250403P05375000,2025-04-03 17:16:42+00:00,5375.0,1.2,1.2,1.25,0.66,122.22221,17752.0,3411,0.1544274011230469,False,REGULAR,USD
50,SPXW250403P05380000,2025-04-03 17:17:11+00:00,5380.0,1.65,1.6,1.65,1.15,328.5714,24819.0,1649,0.15515981567382814,False,REGULAR,USD
51,SPXW250403P05385000,2025-04-03 17:17:11+00:00,5385.0,2.0,2.0,2.05,1.5,300.0,15196.0,2005,0.1539086074829102,False,REGULAR,USD
52,SPXW250403P05390000,2025-04-03 17:17:13+00:00,5390.0,2.48,2.55,2.6,1.9100001,335.0878,18568.0,809,0.15384757293701173,False,REGULAR,USD
53,SPXW250403P05395000,2025-04-03 17:17:10+00:00,5395.0,3.0,2.95,3.1,1.82,158.26088,16948.0,371,0.15119257019042973,False,REGULAR,USD
54,SPXW250403P05400000,2025-04-03 17:17:42+00:00,5400.0,4.1,4.0,4.1,3.46,1017.64734,61779.0,4624,0.15424429748535157,False,REGULAR,USD
55,SPXW250403P05405000,2025-04-03 17:17:39+00:00,5405.0,4.7,4.7,4.9,4.1,683.33344,14347.0,247,0.1523369679260254,False,REGULAR,USD
56,SPXW250403P05410000,2025-04-03 17:16:47+00:00,5410.0,4.9,5.1,5.3,4.25,653.84607,15453.0,640,0.14420411468505856,False,REGULAR,USD
57,SPXW250403P05415000,2025-04-03 17:17:09+00:00,5415.0,6.4,6.3,6.5,5.6,933.3335,14563.0,456,0.1439599765014648,False,REGULAR,USD
58,SPXW250403P05420000,2025-04-03 17:17:28+00:00,5420.0,8.0,8.0,8.1,7.0,700.0,21196.0,784,0.14577575424194333,False,REGULAR,USD
59,SPXW250403P05425000,2025-04-03 17:17:17+00:00,5425.0,8.8,8.6,8.8,7.8500004,826.31604,16838.0,1855,0.13675790008544925,False,REGULAR,USD
60,SPXW250403P05430000,2025-04-03 17:16:45+00:00,5430.0,9.6,9.9,10.1,8.700001,966.6671,14228.0,538,0.13192091232299807,False,REGULAR,USD
61,SPXW250403P05435000,2025-04-03 17:16:36+00:00,5435.0,11.2,11.9,12.1,10.349999,1217.6465,10907.0,390,0.13141737731933595,False,REGULAR,USD
62,SPXW250403P05440000,2025-04-03 17:17:10+00:00,5440.0,13.6,13.3,13.6,12.700001,1270.0013,18218.0,1004,0.12420004226684572,False,REGULAR,USD
63,SPXW250403P05445000,2025-04-03 17:17:29+00:00,5445.0,16.3,16.2,16.4,15.4,1540.0,10389.0,367,0.12606159591674804,True,REGULAR,USD
64,SPXW250403P05450000,2025-04-03 17:17:29+00:00,5450.0,18.62,18.5,18.8,17.720001,1808.1642,20107.0,2010,0.12185021224975587,True,REGULAR,USD
65,SPXW250403P05455000,2025-04-03 17:16:45+00:00,5455.0,19.4,18.7,18.9,18.3,1663.6356,8509.0,442,0.09198906066894531,True,REGULAR,USD
66,SPXW250403P05460000,2025-04-03 17:17:21+00:00,5460.0,23.77,23.7,23.9,22.57,2326.8057,10617.0,776,0.10656105850219727,True,REGULAR,USD
67,SPXW250403P05465000,2025-04-03 17:16:38+00:00,5465.0,24.4,24.4,24.7,23.05,1707.407,6932.0,626,0.06232627136230469,True,REGULAR,USD
68,SPXW250403P05470000,2025-04-03 17:16:06+00:00,5470.0,27.6,27.2,27.5,26.2,1871.4291,6786.0,706,1.0000000000000003e-05,True,REGULAR,USD
69,SPXW250403P05475000,2025-04-03 17:17:21+00:00,5475.0,33.5,33.1,33.4,32.04,2194.522,7091.0,1268,1.0000000000000003e-05,True,REGULAR,USD
70,SPXW250403P05480000,2025-04-03 17:16:39+00:00,5480.0,34.1,35.9,36.3,32.649998,2251.723,5628.0,1831,1.0000000000000003e-05,True,REGULAR,USD
71,SPXW250403P05485000,2025-04-03 17:16:25+00:00,5485.0,37.86,37.6,38.2,36.31,2342.582,4121.0,753,1.0000000000000003e-05,True,REGULAR,USD
72,SPXW250403P05490000,2025-04-03 17:13:29+00:00,5490.0,40.8,41.6,42.2,39.1,2299.9988,3678.0,1989,1.0000000000000003e-05,True,REGULAR,USD
73,SPXW250403P05495000,2025-04-03 17:16:39+00:00,5495.0,45.48,45.1,45.6,43.63,2358.3804,1667.0,846,1.0000000000000003e-05,True,REGULAR,USD
74,SPXW250403P05500000,2025-04-03 17:12:29+00:00,5500.0,48.8,51.1,51.8,47.079998,2737.2073,7144.0,3600,1.0000000000000003e-05,True,REGULAR,USD
75,SPXW250403P05505000,2025-04-03 17:11:03+00:00,5505.0,58.84,53.0,53.7,56.84,2842.0,740.0,661,1.0000000000000003e-05,True,REGULAR,USD
76,SPXW250403P05510000,2025-04-03 17:13:29+00:00,5510.0,57.0,59.1,59.9,54.63,2305.0642,2923.0,2670,1.0000000000000003e-05,True,REGULAR,USD
77,SPXW250403P05515000,2025-04-03 16:53:35+00:00,5515.0,61.03,64.2,64.8,58.52,2331.4756,743.0,709,1.0000000000000003e-05,True,REGULAR,USD
78,SPXW250403P05520000,2025-04-03 17:13:27+00:00,5520.0,65.5,66.3,67.0,62.65,2198.2468,554.0,487,1.0000000000000003e-05,True,REGULAR,USD
79,SPXW250403P05525000,2025-04-03 17:10:04+00:00,5525.0,75.6,75.1,75.6,73.229996,999.0457,1314.0,2839,1.0000000000000003e-05,True,REGULAR,USD
80,SPXW250403P05530000,2025-04-03 17:11:58+00:00,5530.0,76.2,75.9,76.6,73.63,2864.9807,700.0,1498,1.0000000000000003e-05,True,REGULAR,USD
81,SPXW250403P05535000,2025-04-03 17:01:54+00:00,5535.0,80.25,81.8,82.5,76.95,2331.816,370.0,433,1.0000000000000003e-05,True,REGULAR,USD
82,SPXW250403P05540000,2025-04-03 17:15:54+00:00,5540.0,86.96,87.4,88.0,83.06,2129.7427,1077.0,1835,1.0000000000000003e-05,True,REGULAR,USD
83,SPXW250403P05545000,2025-04-03 16:51:19+00:00,5545.0,88.8,89.6,90.4,85.57,2649.2231,2268.0,2086,1.0000000000000003e-05,True,REGULAR,USD
84,SPXW250403P05550000,2025-04-03 17:05:25+00:00,5550.0,91.7,96.4,97.2,87.979996,2365.053,2321.0,2869,1.0000000000000003e-05,True,REGULAR,USD
85,SPXW250403P05555000,2025-04-03 17:05:25+00:00,5555.0,96.5,101.9,102.7,92.52,2324.621,271.0,517,1.0000000000000003e-05,True,REGULAR,USD
86,SPXW250403P05560000,2025-04-03 16:50:41+00:00,5560.0,100.83,103.4,106.7,96.5,2228.6365,446.0,1486,1.0000000000000003e-05,True,REGULAR,USD
87,SPXW250403P05565000,2025-04-03 17:09:00+00:00,5565.0,112.88,111.8,112.6,108.0,2213.116,257.0,457,1.0000000000000003e-05,True,REGULAR,USD
88,SPXW250403P05570000,2025-04-03 17:03:25+00:00,5570.0,116.68,114.4,115.1,111.53,2165.6304,228.0,645,1.0000000000000003e-05,True,REGULAR,USD
89,SPXW250403P05575000,2025-04-03 17:08:35+00:00,5575.0,117.36,118.4,119.1,111.76,1995.7148,369.0,939,1.0000000000000003e-05,True,REGULAR,USD
90,SPXW250403P05580000,2025-04-03 17:04:31+00:00,5580.0,124.24,124.2,124.9,117.24,1674.8572,369.0,602,1.0000000000000003e-05,True,REGULAR,USD
91,SPXW250403P05585000,2025-04-03 16:51:16+00:00,5585.0,127.35,132.0,132.8,121.5,2076.9236,266.0,674,1.0000000000000003e-05,True,REGULAR,USD
92,SPXW250403P05590000,2025-04-03 16:48:29+00:00,5590.0,123.96,134.4,135.3,115.61,1384.5511,313.0,1789,1.0000000000000003e-05,True,REGULAR,USD
93,SPXW250403P05595000,2025-04-03 17:12:22+00:00,5595.0,138.41,143.0,143.8,130.61,1674.4866,349.0,666,1.0000000000000003e-05,True,REGULAR,USD
94,SPXW250403P05600000,2025-04-03 17:15:27+00:00,5600.0,146.23,143.5,144.3,138.23,1727.875,1295.0,3073,1.0000000000000003e-05,True,REGULAR,USD
95,SPXW250403P05605000,2025-04-03 16:50:05+00:00,5605.0,136.9,149.3,150.1,125.99999,1155.963,180.0,374,1.0000000000000003e-05,True,REGULAR,USD
96,SPXW250403P05610000,2025-04-03 17:12:39+00:00,5610.0,155.23,154.0,154.8,144.62999,1364.4331,467.0,469,1.0000000000000003e-05,True,REGULAR,USD
97,SPXW250403P05615000,2025-04-03 16:31:40+00:00,5615.0,147.24,158.1,158.9,136.76001,1304.9624,127.0,449,1.0000000000000003e-05,True,REGULAR,USD
98,SPXW250403P05620000,2025-04-03 16:43:18+00:00,5620.0,142.84,166.6,167.3,131.51,1160.7235,555.0,830,1.0000000000000003e-05,True,REGULAR,USD
99,SPXW250403P05625000,2025-04-03 16:44:06+00:00,5625.0,152.07,172.5,173.3,133.02,698.2676,258.0,892,1.0000000000000003e-05,True,REGULAR,USD
100,SPXW250403P05630000,2025-04-03 16:41:12+00:00,5630.0,160.15,176.1,176.9,147.06,1123.4534,910.0,742,1.0000000000000003e-05,True,REGULAR,USD
101,SPXW250403P05635000,2025-04-03 16:44:29+00:00,5635.0,167.6,180.5,181.2,153.58,1095.4348,238.0,365,1.0000000000000003e-05,True,REGULAR,USD
102,SPXW250403P05640000,2025-04-03 16:50:28+00:00,5640.0,177.19,184.2,185.0,159.49,901.07367,815.0,481,1.0000000000000003e-05,True,REGULAR,USD
103,SPXW250403P05645000,2025-04-03 16:42:23+00:00,5645.0,172.16,191.3,192.0,154.16,856.44446,481.0,637,1.0000000000000003e-05,True,REGULAR,USD
104,SPXW250403P05650000,2025-04-03 17:00:37+00:00,5650.0,193.65,195.5,196.2,174.65,919.2105,1433.0,2509,1.0000000000000003e-05,True,REGULAR,USD
105,SPXW250403P05655000,2025-04-03 15:53:42+00:00,5655.0,210.7,201.0,201.8,190.7,953.5,138.0,341,1.0000000000000003e-05,True,REGULAR,USD
106,SPXW250403P05660000,2025-04-03 16:50:28+00:00,5660.0,197.19,206.4,207.2,175.49,808.7098,307.0,358,1.0000000000000003e-05,True,REGULAR,USD
107,SPXW250403P05665000,2025-04-03 16:49:43+00:00,5665.0,194.4,212.5,213.3,173.0,808.41144,75.0,271,1.0000000000000003e-05,True,REGULAR,USD
108,SPXW250403P05670000,2025-04-03 17:12:36+00:00,5670.0,213.4,217.3,218.1,188.4,753.6,656.0,845,1.0000000000000003e-05,True,REGULAR,USD
109,SPXW250403P05675000,2025-04-03 17:11:02+00:00,5675.0,226.32,223.6,224.4,201.62001,816.2755,147.0,594,1.0000000000000003e-05,True,REGULAR,USD
110,SPXW250403P05680000,2025-04-03 16:35:42+00:00,5680.0,217.5,226.9,227.7,191.4,733.3332,336.0,221,1.0000000000000003e-05,True,REGULAR,USD
111,SPXW250403P05685000,2025-04-03 16:28:26+00:00,5685.0,211.57,230.4,231.2,181.17001,595.9541,62.0,194,1.0000000000000003e-05,True,REGULAR,USD
112,SPXW250403P05690000,2025-04-03 17:05:24+00:00,5690.0,230.22,236.8,237.5,200.52,675.1516,27.0,201,1.0000000000000003e-05,True,REGULAR,USD
113,SPXW250403P05695000,2025-04-03 17:16:10+00:00,5695.0,239.65,241.3,242.0,206.04999,613.2439,41.0,265,1.0000000000000003e-05,True,REGULAR,USD
114,SPXW250403P05700000,2025-04-03 17:14:10+00:00,5700.0,245.46,245.5,246.2,210.56,603.3236,541.0,1193,1.0000000000000003e-05,True,REGULAR,USD
115,SPXW250403P05705000,2025-04-03 16:47:46+00:00,5705.0,242.28,250.8,251.5,204.18,535.9054,35.0,196,1.0000000000000003e-05,True,REGULAR,USD
116,SPXW250403P05710000,2025-04-03 17:00:08+00:00,5710.0,254.07,256.5,257.2,216.27,572.1428,68.0,257,1.0000000000000003e-05,True,REGULAR,USD
117,SPXW250403P05715000,2025-04-03 16:59:50+00:00,5715.0,259.39,260.1,260.7,218.29001,531.11914,37.0,141,1.0000000000000003e-05,True,REGULAR,USD
118,SPXW250403P05720000,2025-04-03 17:00:08+00:00,5720.0,264.02,264.3,265.0,223.41998,550.2954,46.0,260,1.0000000000000003e-05,True,REGULAR,USD
119,SPXW250403P05725000,2025-04-03 17:03:08+00:00,5725.0,269.5,271.9,272.7,229.3,570.3981,72.0,385,1.0000000000000003e-05,True,REGULAR,USD
120,SPXW250403P05730000,2025-04-03 14:17:29+00:00,5730.0,278.18,273.0,273.8,196.51999,240.65634,9.0,99,1.0000000000000003e-05,True,REGULAR,USD
121,SPXW250403P05735000,2025-04-03 15:00:21+00:00,5735.0,309.41,281.3,282.1,226.4,272.7382,35.0,114,1.0000000000000003e-05,True,REGULAR,USD
122,SPXW250403P05740000,2025-04-03 16:59:50+00:00,5740.0,284.42,284.3,285.0,200.37001,238.39383,54.0,125,1.0000000000000003e-05,True,REGULAR,USD
123,SPXW250403P05745000,2025-04-03 17:12:39+00:00,5745.0,290.54,291.2,292.1,204.24,236.6628,11.0,40,1.0000000000000003e-05,True,REGULAR,USD
124,SPXW250403P05750000,2025-04-03 16:38:24+00:00,5750.0,284.35,295.6,296.4,198.33002,230.56271,65.0,217,1.0000000000000003e-05,True,REGULAR,USD
125,SPXW250403P05755000,2025-04-03 14:32:14+00:00,5755.0,301.58,301.0,308.5,196.32999,186.5368,1.0,39,1.0000000000000003e-05,True,REGULAR,USD
126,SPXW250403P05760000,2025-04-03 17:12:39+00:00,5760.0,308.79,303.6,304.4,210.19,213.17442,36.0,182,1.0000000000000003e-05,True,REGULAR,USD
127,SPXW250403P05765000,2025-04-03 16:28:57+00:00,5765.0,288.9,311.0,311.8,186.01,180.78531,61.0,175,1.0000000000000003e-05,True,REGULAR,USD
128,SPXW250403P05770000,2025-04-03 17:11:34+00:00,5770.0,315.89,316.5,317.2,193.03001,157.1138,11.0,215,1.0000000000000003e-05,True,REGULAR,USD
129,SPXW250403P05775000,2025-04-03 15:07:07+00:00,5775.0,355.28,321.0,321.8,243.93,219.066,8.0,275,1.0000000000000003e-05,True,REGULAR,USD
130,SPXW250403P05780000,2025-04-03 17:11:34+00:00,5780.0,325.59,323.3,324.1,216.92,199.61351,11.0,233,1.0000000000000003e-05,True,REGULAR,USD
131,SPXW250403P05785000,2025-04-03 14:05:48+00:00,5785.0,341.77,325.2,341.5,227.94998,200.27232,5.0,11,1.0000000000000003e-05,True,REGULAR,USD
132,SPXW250403P05790000,2025-04-03 17:02:16+00:00,5790.0,332.6,335.1,335.9,214.98001,182.77505,24.0,286,1.0000000000000003e-05,True,REGULAR,USD
133,SPXW250403P05795000,2025-04-03 16:28:57+00:00,5795.0,317.82,330.8,338.7,188.66,146.0669,20.0,26,1.0000000000000003e-05,True,REGULAR,USD
134,SPXW250403P05800000,2025-04-03 16:55:21+00:00,5800.0,345.9,344.3,345.0,195.53,130.0326,74.0,734,1.0000000000000003e-05,True,REGULAR,USD
135,SPXW250403P05805000,2025-04-03 16:12:53+00:00,5805.0,338.74,341.7,358.5,191.93999,130.7493,33.0,43,1.0000000000000003e-05,True,REGULAR,USD
136,SPXW250403P05810000,2025-04-03 17:14:39+00:00,5810.0,355.1,346.9,362.3,255.1,255.1,77.0,80,1.0000000000000003e-05,True,REGULAR,USD
137,SPXW250403P05815000,2025-04-03 14:40:21+00:00,5815.0,368.18,353.4,368.5,214.9,140.20094,5.0,15,1.0000000000000003e-05,True,REGULAR,USD
138,SPXW250403P05820000,2025-04-03 14:33:51+00:00,5820.0,367.6,363.0,363.8,209.52,132.54048,31.0,71,1.0000000000000003e-05,True,REGULAR,USD
139,SPXW250403P05825000,2025-04-03 15:49:42+00:00,5825.0,374.47,368.2,369.0,210.83,128.83769,22.0,203,1.0000000000000003e-05,True,REGULAR,USD
140,SPXW250403P05830000,2025-04-03 16:55:21+00:00,5830.0,376.08,373.8,383.5,184.40999,96.21223,28.0,47,1.0000000000000003e-05,True,REGULAR,USD
141,SPXW250403P05835000,2025-04-03 15:24:16+00:00,5835.0,394.25,370.8,388.5,229.45,139.22937,2.0,19,1.0000000000000003e-05,True,REGULAR,USD
142,SPXW250403P05840000,2025-04-03 17:14:10+00:00,5840.0,385.56,386.5,387.3,218.29,130.50159,96.0,89,1.0000000000000003e-05,True,REGULAR,USD
143,SPXW250403P05845000,2025-04-03 15:53:06+00:00,5845.0,402.7,390.1,397.5,230.30002,133.5847,7.0,15,1.0000000000000003e-05,True,REGULAR,USD
144,SPXW250403P05850000,2025-04-03 17:14:39+00:00,5850.0,395.15,396.5,397.2,217.18,122.0318,141.0,339,1.0000000000000003e-05,True,REGULAR,USD
145,SPXW250403P05855000,2025-04-03 14:44:26+00:00,5855.0,415.9,392.3,408.5,171.81999,70.39495,4.0,5,1.0000000000000003e-05,True,REGULAR,USD
146,SPXW250403P05860000,2025-04-03 16:54:26+00:00,5860.0,405.48,396.2,406.3,185.92001,84.67846,1.0,14,1.0000000000000003e-05,True,REGULAR,USD
147,SPXW250403P05870000,2025-04-02 16:13:28+00:00,5870.0,213.73,415.9,416.7,0.0,0.0,2.0,16,1.0000000000000003e-05,True,REGULAR,USD
148,SPXW250403P05875000,2025-04-03 16:54:26+00:00,5875.0,420.7,421.3,422.1,230.14001,120.77037,91.0,108,1.0000000000000003e-05,True,REGULAR,USD
149,SPXW250403P05880000,2025-04-03 14:51:54+00:00,5880.0,454.86,416.3,433.5,253.60999,126.01738,9.0,37,1.0000000000000003e-05,True,REGULAR,USD
150,SPXW250403P05885000,2025-04-03 14:49:53+00:00,5885.0,458.9,420.4,431.3,179.56,64.28009,1.0,2,1.0000000000000003e-05,True,REGULAR,USD
151,SPXW250403P05890000,2025-04-03 14:31:33+00:00,5890.0,441.97,436.5,437.5,159.67001,56.560402,9.0,17,1.0000000000000003e-05,True,REGULAR,USD
152,SPXW250403P05900000,2025-04-03 15:03:54+00:00,5900.0,476.47,438.4,454.6,220.07,85.830734,13.0,81,1.0000000000000003e-05,True,REGULAR,USD
153,SPXW250403P05910000,2025-04-03 14:52:12+00:00,5910.0,486.13,446.3,456.3,200.38,70.12424,6.0,38,1.0000000000000003e-05,True,REGULAR,USD
154,SPXW250403P05920000,2025-04-03 13:49:42+00:00,5920.0,447.38,467.3,468.0,218.19,95.200485,4.0,26,1.0000000000000003e-05,True,REGULAR,USD
155,SPXW250403P05925000,2025-04-03 17:02:16+00:00,5925.0,470.39,470.5,471.2,190.52002,68.07447,9.0,48,1.0000000000000003e-05,True,REGULAR,USD
156,SPXW250403P05930000,2025-04-03 14:50:55+00:00,5930.0,506.01,468.4,484.6,219.84,76.821465,7.0,31,1.0000000000000003e-05,True,REGULAR,USD
157,SPXW250403P05940000,2025-04-03 13:37:44+00:00,5940.0,498.6,479.5,494.6,232.69,87.50705,3.0,25,1.0000000000000003e-05,True,REGULAR,USD
158,SPXW250403P05950000,2025-04-03 15:03:54+00:00,5950.0,525.97,496.5,497.2,234.85999,80.67741,3.0,16,1.0000000000000003e-05,True,REGULAR,USD
159,SPXW250403P05960000,2025-04-03 14:43:54+00:00,5960.0,520.82,506.5,507.2,207.16,66.046036,9.0,13,1.0000000000000003e-05,True,REGULAR,USD
160,SPXW250403P05970000,2025-04-03 13:58:30+00:00,5970.0,505.6,507.2,523.5,184.81,57.610897,5.0,22,1.0000000000000003e-05,True,REGULAR,USD
161,SPXW250403P05975000,2025-04-03 14:03:23+00:00,5975.0,512.7,518.8,528.5,163.06,46.63654,10.0,24,1.0000000000000003e-05,True,REGULAR,USD
162,SPXW250403P05980000,2025-04-03 14:04:19+00:00,5980.0,524.1,518.4,534.2,191.49997,57.576656,4.0,31,1.0000000000000003e-05,True,REGULAR,USD
163,SPXW250403P05990000,2025-04-03 16:41:54+00:00,5990.0,515.32,536.4,537.1,197.9,62.346416,34.0,46,1.0000000000000003e-05,True,REGULAR,USD
164,SPXW250403P06000000,2025-04-03 17:15:14+00:00,6000.0,543.8,537.6,553.5,210.01999,62.92168,61.0,51,1.0000000000000003e-05,True,REGULAR,USD
165,SPXW250403P06020000,2025-04-02 18:50:59+00:00,6020.0,367.86,566.5,567.2,0.0,0.0,3.0,12,1.0000000000000003e-05,True,REGULAR,USD
166,SPXW250403P06025000,2025-04-02 18:50:59+00:00,6025.0,372.2,568.0,578.5,0.0,0.0,3.0,4,1.0000000000000003e-05,True,REGULAR,USD
167,SPXW250403P06040000,2025-04-03 13:47:31+00:00,6040.0,562.3,580.5,596.6,162.79999,40.750935,3.0,4,1.0000000000000003e-05,True,REGULAR,USD
168,SPXW250403P06050000,2025-04-03 15:58:47+00:00,6050.0,586.3,594.3,595.3,207.22,54.663925,6.0,10,1.0000000000000003e-05,True,REGULAR,USD
169,SPXW250403P06075000,2025-04-03 13:36:16+00:00,6075.0,586.38,620.1,628.5,144.06,32.56918,1.0,34,1.0000000000000003e-05,True,REGULAR,USD
170,SPXW250403P06100000,2025-04-03 03:02:34+00:00,6100.0,676.42,645.1,650.9,263.33,63.746395,6.0,32,1.0000000000000003e-05,True,REGULAR,USD
171,SPXW250403P06125000,2025-04-03 15:48:39+00:00,6125.0,674.22,669.0,669.9,201.12997,42.514107,3.0,4,1.0000000000000003e-05,True,REGULAR,USD
172,SPXW250403P06150000,2025-04-03 16:48:29+00:00,6150.0,684.2,695.1,703.5,203.73001,42.402237,25.0,60,1.0000000000000003e-05,True,REGULAR,USD
173,SPXW250403P06300000,2025-04-03 13:36:16+00:00,6300.0,807.12,838.4,856.2,163.40002,25.38371,1.0,2,1.0000000000000003e-05,True,REGULAR,USD
174,SPXW250403P06500000,2025-03-04 14:59:33+00:00,6500.0,703.42,1036.3,1046.3,0.0,0.0,,3,1.0000000000000003e-05,True,REGULAR,USD
