date,temperature_2m_mean
2016-01-01,6.4115825
2016-01-02,5.6803327
2016-01-03,6.922001
2016-01-04,5.15325
2016-01-05,5.5990834
2016-01-06,2.463667
2016-01-07,4.672
2016-01-08,5.5470004
2016-01-09,5.626167
2016-01-10,6.4949164
2016-01-11,4.6574173
2016-01-12,5.436582
2016-01-13,4.947
2016-01-14,2.8886664
2016-01-15,2.6240833
2016-01-16,2.813667
2016-01-17,-0.0071666143
2016-01-18,-2.575916
2016-01-19,-1.3863335
2016-01-20,1.7865833
2016-01-21,-0.5259165
2016-01-22,1.4032501
2016-01-23,6.828251
2016-01-24,7.532417
2016-01-25,10.147
2016-01-26,8.430332
2016-01-27,10.4595
2016-01-28,6.397
2016-01-29,9.147
2016-01-30,7.207417
2016-01-31,6.205333
2016-02-01,10.309499
2016-02-02,8.072
2016-02-03,5.113666
2016-02-04,5.269916
2016-02-05,7.61575
2016-02-06,9.172
2016-02-07,8.292834
2016-02-08,7.6178336
2016-02-09,5.5136666
2016-02-10,5.0324163
2016-02-11,4.386584
2016-02-12,2.3699167
2016-02-13,2.84075
2016-02-14,2.3178337
2016-02-15,2.9032497
2016-02-16,1.1907499
2016-02-17,-0.76550007
2016-02-18,1.5636665
2016-02-19,3.5136669
2016-02-20,7.5636673
2016-02-21,9.338668
2016-02-22,6.544916
2016-02-23,4.54075
2016-02-24,2.8782501
2016-02-25,2.2824166
2016-02-26,2.1157498
2016-02-27,2.0115833
2016-02-28,2.5303333
2016-02-29,2.5844996
2016-03-01,2.36575
2016-03-02,5.2969995
2016-03-03,3.872
2016-03-04,2.011583
2016-03-05,1.6990833
2016-03-06,2.0365832
2016-03-07,2.9845002
2016-03-08,3.2282498
2016-03-09,4.426167
2016-03-10,4.007417
2016-03-11,4.686583
2016-03-12,3.961583
2016-03-13,3.7594998
2016-03-14,3.5074174
2016-03-15,4.897
2016-03-16,4.8761663
2016-03-17,4.4990835
2016-03-18,4.999083
2016-03-19,5.7803326
2016-03-20,6.442833
2016-03-21,6.707417
2016-03-22,7.3261676
2016-03-23,6.9490848
2016-03-24,7.240751
2016-03-25,7.071999
2016-03-26,8.372
2016-03-27,8.690751
2016-03-28,8.674084
2016-03-29,7.232416
2016-03-30,7.4615827
2016-03-31,7.0095005
2016-04-01,7.0344987
2016-04-02,9.147
2016-04-03,13.255332
2016-04-04,12.1345
2016-04-05,9.257417
2016-04-06,8.328251
2016-04-07,7.080333
2016-04-08,7.12825
2016-04-09,8.649083
2016-04-10,9.736585
2016-04-11,11.869916
2016-04-12,11.1095
2016-04-13,9.701167
2016-04-14,9.809501
2016-04-15,9.513667
2016-04-16,8.021998
2016-04-17,6.7219987
2016-04-18,8.315751
2016-04-19,8.992834
2016-04-20,7.744917
2016-04-21,8.51575
2016-04-22,7.7761674
2016-04-23,6.2740836
2016-04-24,5.457417
2016-04-25,5.60325
2016-04-26,5.4511666
2016-04-27,6.036583
2016-04-28,5.6365833
2016-04-29,7.488667
2016-04-30,7.4324155
2016-05-01,7.686584
2016-05-02,9.844917
2016-05-03,9.319917
2016-05-04,9.732417
2016-05-05,12.038669
2016-05-06,15.630333
2016-05-07,17.805334
2016-05-08,18.549082
2016-05-09,19.038666
2016-05-10,18.647
2016-05-11,19.155334
2016-05-12,18.913668
2016-05-13,14.090749
2016-05-14,8.9053335
2016-05-15,8.8095
2016-05-16,9.3532505
2016-05-17,11.815749
2016-05-18,12.965751
2016-05-19,13.028252
2016-05-20,13.042834
2016-05-21,16.567835
2016-05-22,14.776165
2016-05-23,11.669917
2016-05-24,10.872002
2016-05-25,12.174084
2016-05-26,13.511584
2016-05-27,14.978246
2016-05-28,16.399084
2016-05-29,16.488667
2016-05-30,15.847
2016-05-31,18.434504
2016-06-01,17.6595
2016-06-02,15.076165
2016-06-03,17.349085
2016-06-04,19.988667
2016-06-05,17.659498
2016-06-06,16.488668
2016-06-07,17.930334
2016-06-08,15.049083
2016-06-09,13.722
2016-06-10,14.559499
2016-06-11,14.790751
2016-06-12,16.147
2016-06-13,15.503251
2016-06-14,15.274082
2016-06-15,14.840751
2016-06-16,15.886581
2016-06-17,15.192834
2016-06-18,13.869916
2016-06-19,14.580335
2016-06-20,15.313666
2016-06-21,16.694916
2016-06-22,19.219917
2016-06-23,21.607416
2016-06-24,18.449083
2016-06-25,15.397
2016-06-26,14.886581
2016-06-27,14.978251
2016-06-28,16.161583
2016-06-29,15.717834
2016-06-30,15.6157465
2016-07-01,16.674086
2016-07-02,14.619915
2016-07-03,15.174085
2016-07-04,16.805334
2016-07-05,15.4845
2016-07-06,15.019917
2016-07-07,16.263666
2016-07-08,16.847
2016-07-09,18.328249
2016-07-10,19.599085
2016-07-11,17.830332
2016-07-12,16.597002
2016-07-13,15.059499
2016-07-14,14.742835
2016-07-15,16.06575
2016-07-16,18.480335
2016-07-17,18.682415
2016-07-18,18.90742
2016-07-19,21.609503
2016-07-20,23.682417
2016-07-21,20.997002
2016-07-22,20.686584
2016-07-23,20.303251
2016-07-24,19.97825
2016-07-25,18.661585
2016-07-26,18.953249
2016-07-27,18.261583
2016-07-28,18.086584
2016-07-29,18.280333
2016-07-30,18.186584
2016-07-31,16.719917
2016-08-01,16.794916
2016-08-02,16.592834
2016-08-03,18.913668
2016-08-04,17.803247
2016-08-05,17.35325
2016-08-06,17.09075
2016-08-07,18.686584
2016-08-08,17.217833
2016-08-09,14.8345
2016-08-10,13.705333
2016-08-11,14.5095
2016-08-12,18.63242
2016-08-13,17.780336
2016-08-14,17.049084
2016-08-15,16.301168
2016-08-16,16.482414
2016-08-17,17.5095
2016-08-18,17.449085
2016-08-19,18.676168
2016-08-20,18.544918
2016-08-21,17.105333
2016-08-22,18.374084
2016-08-23,21.499083
2016-08-24,23.424086
2016-08-25,24.372
2016-08-26,21.063665
2016-08-27,21.111586
2016-08-28,20.444916
2016-08-29,17.576166
2016-08-30,17.188665
2016-08-31,18.501165
2016-09-01,17.76367
2016-09-02,17.351168
2016-09-03,18.563667
2016-09-04,17.765753
2016-09-05,17.847
2016-09-06,19.180336
2016-09-07,20.240751
2016-09-08,19.786585
2016-09-09,18.617838
2016-09-10,19.417833
2016-09-11,19.244915
2016-09-12,21.686583
2016-09-13,23.780334
2016-09-14,24.02825
2016-09-15,22.582418
2016-09-16,18.28242
2016-09-17,18.080334
2016-09-18,17.207418
2016-09-19,16.138666
2016-09-20,15.536583
2016-09-21,16.022001
2016-09-22,16.249084
2016-09-23,15.449084
2016-09-24,17.084501
2016-09-25,17.034502
2016-09-26,14.994918
2016-09-27,15.124084
2016-09-28,17.888668
2016-09-29,17.076168
2016-09-30,14.934501
2016-10-01,13.567834
2016-10-02,12.442833
2016-10-03,14.226167
2016-10-04,12.713666
2016-10-05,10.569918
2016-10-06,10.194917
2016-10-07,11.897
2016-10-08,11.057416
2016-10-09,9.503251
2016-10-10,8.7282505
2016-10-11,9.492833
2016-10-12,9.324084
2016-10-13,9.107417
2016-10-14,9.213667
2016-10-15,11.317833
2016-10-16,13.057419
2016-10-17,12.988667
2016-10-18,10.70325
2016-10-19,9.959499
2016-10-20,10.172
2016-10-21,9.282416
2016-10-22,7.5761657
2016-10-23,6.2574162
2016-10-24,7.699083
2016-10-25,8.9782505
2016-10-26,10.017833
2016-10-27,12.376167
2016-10-28,13.161583
2016-10-29,10.805333
2016-10-30,9.738667
2016-10-31,9.0511675
2016-11-01,10.488667
2016-11-02,8.938666
2016-11-03,8.174085
2016-11-04,8.34075
2016-11-05,7.813667
2016-11-06,7.54075
2016-11-07,4.4011664
2016-11-08,3.1803334
2016-11-09,2.907417
2016-11-10,3.4178333
2016-11-11,3.1720006
2016-11-12,2.892833
2016-11-13,4.0053334
2016-11-14,3.3678334
2016-11-15,11.20325
2016-11-16,11.217834
2016-11-17,9.180331
2016-11-18,6.876165
2016-11-19,5.4824166
2016-11-20,7.6282496
2016-11-21,10.882416
2016-11-22,10.51575
2016-11-23,7.544916
2016-11-24,6.717833
2016-11-25,3.6990836
2016-11-26,2.1740835
2016-11-27,7.2428327
2016-11-28,1.20325
2016-11-29,-1.7154999
2016-11-30,4.4990835
2016-12-01,8.424085
2016-12-02,7.5720005
2016-12-03,3.588667
2016-12-04,-0.7009167
2016-12-05,-1.1363333
2016-12-06,0.10741662
2016-12-07,6.024084
2016-12-08,8.057418
2016-12-09,9.42825
2016-12-10,8.6095
2016-12-11,8.567833
2016-12-12,6.8074155
2016-12-13,6.717834
2016-12-14,8.172
2016-12-15,6.2782497
2016-12-16,5.6345
2016-12-17,7.10325
2016-12-18,7.4344997
2016-12-19,4.738667
2016-12-20,1.4365834
2016-12-21,4.688667
2016-12-22,6.626167
2016-12-23,6.636583
2016-12-24,8.280333
2016-12-25,9.919916
2016-12-26,8.4845
2016-12-27,7.1095014
2016-12-28,4.426167
2016-12-29,1.0970001
2016-12-30,0.9199166
2016-12-31,4.261583
2017-01-01,1.5770832
2017-01-02,2.1270833
2017-01-03,5.2770834
2017-01-04,5.3624997
2017-01-05,-0.14583331
2017-01-06,-2.3333333
2017-01-07,1.9854168
2017-01-08,2.13125
2017-01-09,4.55
2017-01-10,4.93125
2017-01-11,7.0229163
2017-01-12,4.93125
2017-01-13,3.3500001
2017-01-14,2.8291667
2017-01-15,0.67916656
2017-01-16,-0.95624995
2017-01-17,-3.8687499
2017-01-18,-2.9666665
2017-01-19,-2.55
2017-01-20,-1.04375
2017-01-21,0.67499995
2017-01-22,-1.7041665
2017-01-23,-0.63750017
2017-01-24,1.7125
2017-01-25,-0.4395833
2017-01-26,-2.5041668
2017-01-27,0.50833327
2017-01-28,5.097916
2017-01-29,4.285417
2017-01-30,5.0666666
2017-01-31,3.3687499
2017-02-01,3.6354167
2017-02-02,8.760417
2017-02-03,8.318749
2017-02-04,6.058334
2017-02-05,4.8770833
2017-02-06,4.029166
2017-02-07,2.0354164
2017-02-08,-0.060416643
2017-02-09,-1.31875
2017-02-10,-2.039583
2017-02-11,-0.8
2017-02-12,-0.0020833511
2017-02-13,1.0895832
2017-02-14,2.3812501
2017-02-15,6.2062507
2017-02-16,6.689583
2017-02-17,6.7333336
2017-02-18,5.6229157
2017-02-19,6.2437496
2017-02-20,9.112499
2017-02-21,8.522916
2017-02-22,8.868751
2017-02-23,7.512501
2017-02-24,4.5125
2017-02-25,5.6749997
2017-02-26,8.966666
2017-02-27,8.585417
2017-02-28,4.3062496
2017-03-01,5.3416667
2017-03-02,5.754166
2017-03-03,5.9250007
2017-03-04,8.697915
2017-03-05,6.46875
2017-03-06,4.8437505
2017-03-07,5.3333335
2017-03-08,6.035416
2017-03-09,7.129167
2017-03-10,6.0520835
2017-03-11,6.891666
2017-03-12,7.602083
2017-03-13,5.9500003
2017-03-14,8.302084
2017-03-15,8.389585
2017-03-16,9.402083
2017-03-17,7.8812504
2017-03-18,8.689584
2017-03-19,10.714584
2017-03-20,9.85625
2017-03-21,6.6437507
2017-03-22,6.5249996
2017-03-23,7.608333
2017-03-24,7.691666
2017-03-25,7.0583324
2017-03-26,7.7833343
2017-03-27,8.750001
2017-03-28,10.333333
2017-03-29,11.435417
2017-03-30,14.814583
2017-03-31,13.6208315
2017-04-01,9.910417
2017-04-02,9.933333
2017-04-03,8.658334
2017-04-04,9.091666
2017-04-05,8.572916
2017-04-06,7.625
2017-04-07,9.222918
2017-04-08,8.770833
2017-04-09,11.610415
2017-04-10,9.3875
2017-04-11,8.943749
2017-04-12,9.650001
2017-04-13,8.40625
2017-04-14,9.2
2017-04-15,9.095832
2017-04-16,7.768751
2017-04-17,6.6000004
2017-04-18,5.933333
2017-04-19,4.5375
2017-04-20,5.99375
2017-04-21,10.71875
2017-04-22,7.8854165
2017-04-23,7.1229177
2017-04-24,8.752083
2017-04-25,6.2395835
2017-04-26,5.6687503
2017-04-27,6.1062503
2017-04-28,7.3749995
2017-04-29,8.537499
2017-04-30,11.447917
2017-05-01,10.966666
2017-05-02,10.760417
2017-05-03,10.777083
2017-05-04,10.29375
2017-05-05,9.041667
2017-05-06,11.73125
2017-05-07,10.695832
2017-05-08,9.65625
2017-05-09,8.006249
2017-05-10,8.754167
2017-05-11,13.508335
2017-05-12,15.002084
2017-05-13,14.116666
2017-05-14,13.022916
2017-05-15,14.637501
2017-05-16,18.977085
2017-05-17,20.941666
2017-05-18,14.747918
2017-05-19,12.495833
2017-05-20,12.506249
2017-05-21,13.627083
2017-05-22,17.354166
2017-05-23,14.804166
2017-05-24,14.679166
2017-05-25,16.058332
2017-05-26,18.793749
2017-05-27,21.241663
2017-05-28,17.870832
2017-05-29,20.297916
2017-05-30,16.697916
2017-05-31,15.756251
2017-06-01,15.833333
2017-06-02,19.139584
2017-06-03,17.483334
2017-06-04,15.041668
2017-06-05,15.918751
2017-06-06,14.683334
2017-06-07,13.833335
2017-06-08,16.372915
2017-06-09,15.183334
2017-06-10,17.2625
2017-06-11,19.104166
2017-06-12,15.752084
2017-06-13,15.699998
2017-06-14,16.631252
2017-06-15,18.770834
2017-06-16,15.785417
2017-06-17,17.683334
2017-06-18,20.37708
2017-06-19,23.006248
2017-06-20,20.020832
2017-06-21,19.908333
2017-06-22,21.533333
2017-06-23,17.958332
2017-06-24,17.691666
2017-06-25,16.908335
2017-06-26,16.0625
2017-06-27,17.220833
2017-06-28,17.429169
2017-06-29,16.866667
2017-06-30,16.308332
2017-07-01,15.791667
2017-07-02,15.468753
2017-07-03,16.312498
2017-07-04,17.154165
2017-07-05,18.466667
2017-07-06,20.116665
2017-07-07,19.608332
2017-07-08,17.877083
2017-07-09,17.360418
2017-07-10,18.572918
2017-07-11,17.179167
2017-07-12,15.014583
2017-07-13,15.16875
2017-07-14,14.616666
2017-07-15,17.0625
2017-07-16,18.185417
2017-07-17,17.30625
2017-07-18,18.858335
2017-07-19,22.11458
2017-07-20,19.004168
2017-07-21,17.945833
2017-07-22,19.1
2017-07-23,15.839584
2017-07-24,15.535415
2017-07-25,16.50625
2017-07-26,18.356249
2017-07-27,17.491665
2017-07-28,17.185415
2017-07-29,18.1
2017-07-30,17.852081
2017-07-31,17.4625
2017-08-01,17.833334
2017-08-02,18.216667
2017-08-03,18.456251
2017-08-04,17.949999
2017-08-05,16.110416
2017-08-06,15.922917
2017-08-07,16.014582
2017-08-08,16.789583
2017-08-09,16.18125
2017-08-10,15.516664
2017-08-11,16.229166
2017-08-12,17.156248
2017-08-13,16.414585
2017-08-14,18.466667
2017-08-15,18.147917
2017-08-16,17.08958
2017-08-17,17.220833
2017-08-18,16.65
2017-08-19,15.408333
2017-08-20,15.870833
2017-08-21,16.427084
2017-08-22,17.531252
2017-08-23,19.108332
2017-08-24,18.1
2017-08-25,17.606253
2017-08-26,17.75
2017-08-27,17.88125
2017-08-28,18.702084
2017-08-29,19.902084
2017-08-30,17.587502
2017-08-31,14.545834
2017-09-01,14.560418
2017-09-02,13.839583
2017-09-03,13.470833
2017-09-04,15.829167
2017-09-05,18.252083
2017-09-06,15.816667
2017-09-07,15.649999
2017-09-08,14.712501
2017-09-09,13.777083
2017-09-10,14.291668
2017-09-11,14.274999
2017-09-12,13.874997
2017-09-13,14.368752
2017-09-14,12.352084
2017-09-15,12.229167
2017-09-16,11.610416
2017-09-17,11.110416
2017-09-18,12.291665
2017-09-19,12.358334
2017-09-20,13.929165
2017-09-21,14.516666
2017-09-22,12.729167
2017-09-23,11.049999
2017-09-24,12.9375
2017-09-25,13.691666
2017-09-26,13.264583
2017-09-27,14.070834
2017-09-28,15.572917
2017-09-29,16.660418
2017-09-30,13.395836
2017-10-01,13.679165
2017-10-02,15.539584
2017-10-03,13.710416
2017-10-04,13.585416
2017-10-05,13.395835
2017-10-06,12.183333
2017-10-07,13.516666
2017-10-08,12.258334
2017-10-09,12.314584
2017-10-10,14.072918
2017-10-11,15.245834
2017-10-12,13.897916
2017-10-13,15.135415
2017-10-14,15.437499
2017-10-15,15.908334
2017-10-16,18.510414
2017-10-17,13.747917
2017-10-18,14.020835
2017-10-19,15.870833
2017-10-20,14.193751
2017-10-21,13.135415
2017-10-22,11.454167
2017-10-23,12.770835
2017-10-24,15.310417
2017-10-25,14.204166
2017-10-26,13.781247
2017-10-27,12.110416
2017-10-28,13.056251
2017-10-29,11.210418
2017-10-30,9.241666
2017-10-31,10.766667
2017-11-01,12.131249
2017-11-02,10.264583
2017-11-03,8.877084
2017-11-04,10.612499
2017-11-05,8.070832
2017-11-06,6.262501
2017-11-07,3.0666666
2017-11-08,4.7166667
2017-11-09,8.214583
2017-11-10,9.554167
2017-11-11,7.502083
2017-11-12,5.7708325
2017-11-13,7.070833
2017-11-14,8.885417
2017-11-15,10.183333
2017-11-16,9.495832
2017-11-17,6.6562495
2017-11-18,7.487499
2017-11-19,7.4291663
2017-11-20,8.1125
2017-11-21,11.599999
2017-11-22,11.722917
2017-11-23,11.470834
2017-11-24,6.7479167
2017-11-25,3.5874996
2017-11-26,5.427084
2017-11-27,7.6249986
2017-11-28,5.9249997
2017-11-29,2.7354167
2017-11-30,1.7729164
2017-12-01,0.325
2017-12-02,-0.6729167
2017-12-03,5.527083
2017-12-04,7.4229164
2017-12-05,7.970833
2017-12-06,8.54375
2017-12-07,6.025
2017-12-08,3.135417
2017-12-09,2.9208333
2017-12-10,0.5541667
2017-12-11,-0.35208336
2017-12-12,1.4999999
2017-12-13,4.0999994
2017-12-14,3.2999995
2017-12-15,1.3583335
2017-12-16,3.5708332
2017-12-17,2.7104168
2017-12-18,6.2145844
2017-12-19,5.5625005
2017-12-20,7.2291675
2017-12-21,8.191667
2017-12-22,7.9916673
2017-12-23,8.620833
2017-12-24,8.64375
2017-12-25,8.016666
2017-12-26,5.554167
2017-12-27,4.9125
2017-12-28,4.241667
2017-12-29,3.05
2017-12-30,8.347917
2017-12-31,10.318751
2018-01-01,6.4708343
2018-01-02,6.1000004
2018-01-03,7.9645824
2018-01-04,7.7291665
2018-01-05,6.547917
2018-01-06,4.629167
2018-01-07,1.0041666
2018-01-08,0.63124996
2018-01-09,2.8374999
2018-01-10,6.714583
2018-01-11,4.2416663
2018-01-12,4.5083337
2018-01-13,4.4479165
2018-01-14,2.3833337
2018-01-15,4.8354163
2018-01-16,4.410417
2018-01-17,4.0104165
2018-01-18,4.493749
2018-01-19,3.3125007
2018-01-20,2.4770834
2018-01-21,3.3666668
2018-01-22,5.739584
2018-01-23,7.589584
2018-01-24,11.285417
2018-01-25,7.00625
2018-01-26,4.8145833
2018-01-27,5.0625
2018-01-28,9.264583
2018-01-29,8.485417
2018-01-30,4.4687495
2018-01-31,6.297916
2018-02-01,3.6687498
2018-02-02,4.254167
2018-02-03,2.275
2018-02-04,1.7312499
2018-02-05,0.87291664
2018-02-06,-2.1958332
2018-02-07,-2.1749997
2018-02-08,0.76458335
2018-02-09,0.89375
2018-02-10,2.0020835
2018-02-11,4.4020834
2018-02-12,2.5562499
2018-02-13,1.9145833
2018-02-14,1.6479167
2018-02-15,4.6958337
2018-02-16,3.5708332
2018-02-17,1.4062499
2018-02-18,1.7770833
2018-02-19,2.7624998
2018-02-20,1.1125
2018-02-21,0.056249976
2018-02-22,0.47708333
2018-02-23,-0.39583325
2018-02-24,-0.9520833
2018-02-25,-2.3833332
2018-02-26,-2.8354168
2018-02-27,-3.4416666
2018-02-28,-5.69375
2018-03-01,-4.8583326
2018-03-02,-3.9895833
2018-03-03,-2.4958332
2018-03-04,3.8895836
2018-03-05,6.3666673
2018-03-06,4.8604164
2018-03-07,4.83125
2018-03-08,4.2791667
2018-03-09,6.5625
2018-03-10,11.15625
2018-03-11,8.468751
2018-03-12,9.527083
2018-03-13,5.735417
2018-03-14,5.3875003
2018-03-15,6.870833
2018-03-16,3.5958328
2018-03-17,-1.6583333
2018-03-18,-1.4583331
2018-03-19,-1.15
2018-03-20,3.5104163
2018-03-21,3.3625
2018-03-22,6.222916
2018-03-23,5.820833
2018-03-24,6.5625005
2018-03-25,5.9625
2018-03-26,4.6999993
2018-03-27,5.441667
2018-03-28,5.485417
2018-03-29,5.7625003
2018-03-30,8.2
2018-03-31,7.1145835
2018-04-01,4.345833
2018-04-02,6.5874996
2018-04-03,11.612499
2018-04-04,9.847917
2018-04-05,5.6000004
2018-04-06,7.6979165
2018-04-07,12.989583
2018-04-08,13.224999
2018-04-09,11.3
2018-04-10,14.268749
2018-04-11,13.195832
2018-04-12,11.689583
2018-04-13,10.443749
2018-04-14,10.472917
2018-04-15,12.402084
2018-04-16,10.739583
2018-04-17,12.75
2018-04-18,15.785415
2018-04-19,18.852083
2018-04-20,15.947917
2018-04-21,13.833335
2018-04-22,16.320835
2018-04-23,11.662499
2018-04-24,11.764585
2018-04-25,10.562501
2018-04-26,9.35625
2018-04-27,9.779166
2018-04-28,10.783333
2018-04-29,9.089583
2018-04-30,9.058333
2018-05-01,7.9062505
2018-05-02,10.181251
2018-05-03,9.204167
2018-05-04,10.589583
2018-05-05,13.445832
2018-05-06,16.102083
2018-05-07,17.491667
2018-05-08,18.664585
2018-05-09,15.689582
2018-05-10,11.597917
2018-05-11,12.541665
2018-05-12,17.020832
2018-05-13,12.531251
2018-05-14,17.610418
2018-05-15,17.718748
2018-05-16,14.141666
2018-05-17,10.83125
2018-05-18,10.16875
2018-05-19,11.679166
2018-05-20,14.9375
2018-05-21,17.83125
2018-05-22,18.066668
2018-05-23,18.064585
2018-05-24,17.991667
2018-05-25,19.227083
2018-05-26,21.135418
2018-05-27,20.027084
2018-05-28,21.831251
2018-05-29,21.954165
2018-05-30,20.358332
2018-05-31,20.37292
2018-06-01,16.285418
2018-06-02,16.141666
2018-06-03,17.589582
2018-06-04,16.93125
2018-06-05,15.697915
2018-06-06,18.445833
2018-06-07,21.168749
2018-06-08,17.747917
2018-06-09,18.683334
2018-06-10,17.268751
2018-06-11,16.485415
2018-06-12,14.758334
2018-06-13,14.389584
2018-06-14,15.070834
2018-06-15,17.49375
2018-06-16,16.300001
2018-06-17,15.127082
2018-06-18,16.295832
2018-06-19,17.710415
2018-06-20,18.552084
2018-06-21,13.71875
2018-06-22,13.052083
2018-06-23,14.252082
2018-06-24,13.947915
2018-06-25,15.964584
2018-06-26,15.116666
2018-06-27,16.725
2018-06-28,19.695833
2018-06-29,18.241667
2018-06-30,20.116667
2018-07-01,20.656252
2018-07-02,19.481249
2018-07-03,18.24375
2018-07-04,18.089582
2018-07-05,17.427084
2018-07-06,18.6875
2018-07-07,17.98125
2018-07-08,17.929167
2018-07-09,17.112501
2018-07-10,16.945833
2018-07-11,17.779167
2018-07-12,18.1125
2018-07-13,17.860415
2018-07-14,18.247917
2018-07-15,20.204166
2018-07-16,22.433332
2018-07-17,19.383335
2018-07-18,19.020834
2018-07-19,19.522917
2018-07-20,19.593748
2018-07-21,20.593748
2018-07-22,19.358334
2018-07-23,21.504168
2018-07-24,23.079165
2018-07-25,24.785418
2018-07-26,26.697916
2018-07-27,29.222921
2018-07-28,20.131247
2018-07-29,20.664583
2018-07-30,22.672918
2018-07-31,19.841667
2018-08-01,19.247917
2018-08-02,20.672916
2018-08-03,22.852083
2018-08-04,21.235416
2018-08-05,20.441668
2018-08-06,22.28125
2018-08-07,25.437498
2018-08-08,19.985418
2018-08-09,17.266665
2018-08-10,15.941667
2018-08-11,15.364583
2018-08-12,19.420834
2018-08-13,18.172918
2018-08-14,18.416666
2018-08-15,19.595833
2018-08-16,18.750002
2018-08-17,17.341665
2018-08-18,18.210417
2018-08-19,18.977083
2018-08-20,19.23125
2018-08-21,19.26875
2018-08-22,19.766666
2018-08-23,18.652082
2018-08-24,15.129167
2018-08-25,13.027083
2018-08-26,13.625
2018-08-27,16.914583
2018-08-28,17.214582
2018-08-29,15.366668
2018-08-30,15.231252
2018-08-31,14.110417
2018-09-01,14.281247
2018-09-02,15.795833
2018-09-03,17.679165
2018-09-04,20.283333
2018-09-05,18.737501
2018-09-06,16.389582
2018-09-07,14.114583
2018-09-08,14.966666
2018-09-09,17.539585
2018-09-10,17.066668
2018-09-11,18.272917
2018-09-12,14.870833
2018-09-13,12.7541685
2018-09-14,13.445834
2018-09-15,14.997916
2018-09-16,15.643749
2018-09-17,17.452082
2018-09-18,18.425001
2018-09-19,18.864586
2018-09-20,19.44792
2018-09-21,15.172917
2018-09-22,12.610416
2018-09-23,10.560417
2018-09-24,11.383335
2018-09-25,10.704166
2018-09-26,12.862499
2018-09-27,14.808335
2018-09-28,12.197917
2018-09-29,9.452083
2018-09-30,10.477083
2018-10-01,10.385417
2018-10-02,12.689583
2018-10-03,13.187499
2018-10-04,14.752083
2018-10-05,13.297916
2018-10-06,13.054168
2018-10-07,10.904166
2018-10-08,11.127083
2018-10-09,12.256249
2018-10-10,14.679165
2018-10-11,17.3875
2018-10-12,18.404165
2018-10-13,20.427082
2018-10-14,18.433334
2018-10-15,16.777082
2018-10-16,16.73125
2018-10-17,14.270832
2018-10-18,12.808333
2018-10-19,9.324999
2018-10-20,9.664584
2018-10-21,11.464583
2018-10-22,11.799999
2018-10-23,13.166667
2018-10-24,14.529166
2018-10-25,12.787501
2018-10-26,10.135417
2018-10-27,7.3520837
2018-10-28,5.108333
2018-10-29,5.152084
2018-10-30,5.8125
2018-10-31,8.314584
2018-11-01,10.05625
2018-11-02,7.9479175
2018-11-03,6.0500007
2018-11-04,5.8874993
2018-11-05,7.960417
2018-11-06,11.927085
2018-11-07,10.995833
2018-11-08,9.41875
2018-11-09,9.258332
2018-11-10,11.274999
2018-11-11,10.664584
2018-11-12,9.866667
2018-11-13,10.018751
2018-11-14,8.525001
2018-11-15,6.8395844
2018-11-16,3.6666667
2018-11-17,3.9812498
2018-11-18,3.260417
2018-11-19,5.0854173
2018-11-20,3.364583
2018-11-21,2.7812498
2018-11-22,2.71875
2018-11-23,2.7583332
2018-11-24,2.2958333
2018-11-25,3.9687498
2018-11-26,4.3208337
2018-11-27,3.6520832
2018-11-28,6.527084
2018-11-29,10.045835
2018-11-30,9.233333
2018-12-01,7.9895835
2018-12-02,11.747917
2018-12-03,10.48125
2018-12-04,5.810417
2018-12-05,5.775
2018-12-06,11.029166
2018-12-07,10.387501
2018-12-08,8.933333
2018-12-09,7.9583325
2018-12-10,6.620834
2018-12-11,5.275
2018-12-12,1.6458334
2018-12-13,1.2520832
2018-12-14,0.31666663
2018-12-15,-0.42083335
2018-12-16,1.93125
2018-12-17,4.5937505
2018-12-18,5.3250003
2018-12-19,6.804167
2018-12-20,6.75625
2018-12-21,9.39375
2018-12-22,8.383334
2018-12-23,7.227083
2018-12-24,4.8458333
2018-12-25,4.208333
2018-12-26,4.7916665
2018-12-27,1.8895835
2018-12-28,4.3125
2018-12-29,8.579166
2018-12-30,8.3875
2018-12-31,8.585417
2019-01-01,7.9395833
2019-01-02,5.864584
2019-01-03,4.8979173
2019-01-04,5.7062497
2019-01-05,7.470833
2019-01-06,5.3958325
2019-01-07,6.7312493
2019-01-08,7.3125
2019-01-09,4.7520833
2019-01-10,3.1979167
2019-01-11,7.441666
2019-01-12,7.272917
2019-01-13,8.608333
2019-01-14,5.3333325
2019-01-15,6.722916
2019-01-16,6.5708337
2019-01-17,3.9125001
2019-01-18,0.8145833
2019-01-19,-1.0999999
2019-01-20,-2.7791665
2019-01-21,-1.33125
2019-01-22,-1.2583333
2019-01-23,-1.1187501
2019-01-24,-1.3645834
2019-01-25,0.31458318
2019-01-26,7.1499996
2019-01-27,5.78125
2019-01-28,4.0312505
2019-01-29,1.4874997
2019-01-30,0.6479167
2019-01-31,-0.07916668
2019-02-01,0.8687501
2019-02-02,1.6187501
2019-02-03,1.6270832
2019-02-04,2.0895834
2019-02-05,4.65625
2019-02-06,5.8500004
2019-02-07,7.814583
2019-02-08,7.829166
2019-02-09,7.952084
2019-02-10,6.2791667
2019-02-11,5.3562503
2019-02-12,5.7520833
2019-02-13,6.316666
2019-02-14,5.066667
2019-02-15,6.1375003
2019-02-16,6.622917
2019-02-17,7.3979163
2019-02-18,7.3249993
2019-02-19,7.0250015
2019-02-20,7.25
2019-02-21,7.8437495
2019-02-22,9.195834
2019-02-23,7.2000003
2019-02-24,5.5916667
2019-02-25,6.689583
2019-02-26,7.7708335
2019-02-27,7.8541656
2019-02-28,7.664582
2019-03-01,6.1854167
2019-03-02,8.0375
2019-03-03,10.666667
2019-03-04,8.125
2019-03-05,6.7250004
2019-03-06,8.831251
2019-03-07,8.541667
2019-03-08,7.183333
2019-03-09,8.068749
2019-03-10,4.9875
2019-03-11,4.964584
2019-03-12,5.8958325
2019-03-13,7.0958333
2019-03-14,7.754166
2019-03-15,9.208333
2019-03-16,9.41875
2019-03-17,6.5395827
2019-03-18,5.3562503
2019-03-19,5.05625
2019-03-20,8.837501
2019-03-21,8.404166
2019-03-22,8.81875
2019-03-23,8.154166
2019-03-24,5.4187503
2019-03-25,7.0208335
2019-03-26,6.55625
2019-03-27,7.35
2019-03-28,8.804168
2019-03-29,8.787499
2019-03-30,9.870832
2019-03-31,7.5625
2019-04-01,6.8916664
2019-04-02,9.075
2019-04-03,6.362499
2019-04-04,6.1979165
2019-04-05,7.014584
2019-04-06,9.75
2019-04-07,13.335418
2019-04-08,12.483334
2019-04-09,8.689584
2019-04-10,5.5645833
2019-04-11,5.745833
2019-04-12,4.9625006
2019-04-13,3.4249995
2019-04-14,4.8520837
2019-04-15,9.535416
2019-04-16,10.906249
2019-04-17,12.243752
2019-04-18,14.731251
2019-04-19,15.337499
2019-04-20,15.243751
2019-04-21,13.804166
2019-04-22,16.325
2019-04-23,15.602082
2019-04-24,16.68125
2019-04-25,12.304165
2019-04-26,11.441667
2019-04-27,9.908334
2019-04-28,9.014584
2019-04-29,9.8625
2019-04-30,10.556251
2019-05-01,8.89375
2019-05-02,9.758333
2019-05-03,7.7312493
2019-05-04,6.7979164
2019-05-05,7.0937495
2019-05-06,7.614584
2019-05-07,8.310416
2019-05-08,9.297917
2019-05-09,11.391667
2019-05-10,9.647916
2019-05-11,9.28125
2019-05-12,8.879168
2019-05-13,8.925
2019-05-14,10.131249
2019-05-15,11.316667
2019-05-16,11.454167
2019-05-17,12.377084
2019-05-18,13.885417
2019-05-19,14.670834
2019-05-20,13.360416
2019-05-21,11.895832
2019-05-22,12.8791685
2019-05-23,14.212501
2019-05-24,13.489583
2019-05-25,12.354167
2019-05-26,15.170834
2019-05-27,13.631249
2019-05-28,11.439583
2019-05-29,12.4375
2019-05-30,16.002083
2019-05-31,16.052082
2019-06-01,18.052082
2019-06-02,21.889582
2019-06-03,15.831252
2019-06-04,17.25625
2019-06-05,15.243751
2019-06-06,14.214584
2019-06-07,15.272916
2019-06-08,13.804168
2019-06-09,14.8875
2019-06-10,16.558332
2019-06-11,14.827084
2019-06-12,13.989583
2019-06-13,14.089585
2019-06-14,16.025
2019-06-15,15.508335
2019-06-16,16.387499
2019-06-17,17.972918
2019-06-18,19.19167
2019-06-19,19.445833
2019-06-20,15.962501
2019-06-21,15.037501
2019-06-22,15.7458315
2019-06-23,21.324999
2019-06-24,24.687502
2019-06-25,24.783333
2019-06-26,18.860415
2019-06-27,16.068748
2019-06-28,17.354166
2019-06-29,22.352083
2019-06-30,19.656248
2019-07-01,17.372915
2019-07-02,16.160418
2019-07-03,14.835418
2019-07-04,15.608334
2019-07-05,17.179167
2019-07-06,15.483333
2019-07-07,14.275001
2019-07-08,13.854165
2019-07-09,14.600001
2019-07-10,15.249999
2019-07-11,17.572916
2019-07-12,16.772917
2019-07-13,16.524998
2019-07-14,15.822919
2019-07-15,15.099999
2019-07-16,15.320832
2019-07-17,17.449999
2019-07-18,18.512503
2019-07-19,18.912498
2019-07-20,19.456251
2019-07-21,18.202084
2019-07-22,19.529167
2019-07-23,22.845835
2019-07-24,25.277084
2019-07-25,26.89167
2019-07-26,27.168749
2019-07-27,23.05625
2019-07-28,20.1875
2019-07-29,19.472918
2019-07-30,21.42708
2019-07-31,17.766666
2019-08-01,18.012499
2019-08-02,17.925001
2019-08-03,17.599997
2019-08-04,19.093752
2019-08-05,19.593748
2019-08-06,18.852081
2019-08-07,18.616667
2019-08-08,18.562498
2019-08-09,19.379168
2019-08-10,19.447918
2019-08-11,18.152082
2019-08-12,16.329168
2019-08-13,14.414582
2019-08-14,15.633335
2019-08-15,17.34583
2019-08-16,17.262499
2019-08-17,18.158333
2019-08-18,16.664583
2019-08-19,16.835417
2019-08-20,15.435417
2019-08-21,16.293749
2019-08-22,16.054167
2019-08-23,18.429165
2019-08-24,20.591665
2019-08-25,21.633333
2019-08-26,22.647919
2019-08-27,24.418753
2019-08-28,21.349998
2019-08-29,18.210417
2019-08-30,16.735416
2019-08-31,19.477081
2019-09-01,16.11875
2019-09-02,15.624997
2019-09-03,16.989584
2019-09-04,15.464583
2019-09-05,13.608334
2019-09-06,13.877083
2019-09-07,13.852082
2019-09-08,13.325001
2019-09-09,12.852084
2019-09-10,13.65625
2019-09-11,15.268749
2019-09-12,17.166666
2019-09-13,16.999998
2019-09-14,13.893749
2019-09-15,15.760418
2019-09-16,13.968751
2019-09-17,13.333332
2019-09-18,11.987499
2019-09-19,12.425
2019-09-20,12.039582
2019-09-21,15.318749
2019-09-22,17.935415
2019-09-23,15.749999
2019-09-24,15.916668
2019-09-25,15.529166
2019-09-26,15.922917
2019-09-27,15.052083
2019-09-28,15.189583
2019-09-29,14.952084
2019-09-30,14.168752
2019-10-01,14.958336
2019-10-02,11.070832
2019-10-03,11.5
2019-10-04,10.341667
2019-10-05,9.658333
2019-10-06,9.181251
2019-10-07,9.547917
2019-10-08,14.108334
2019-10-09,11.352084
2019-10-10,12.422917
2019-10-11,14.537499
2019-10-12,12.529166
2019-10-13,15.802083
2019-10-14,14.2229185
2019-10-15,14.645835
2019-10-16,13.235417
2019-10-17,13.027083
2019-10-18,12.404164
2019-10-19,11.958333
2019-10-20,11.345834
2019-10-21,11.897918
2019-10-22,10.797917
2019-10-23,10.560416
2019-10-24,14.229168
2019-10-25,13.479168
2019-10-26,16.150002
2019-10-27,10.518749
2019-10-28,8.341666
2019-10-29,6.9895835
2019-10-30,5.3
2019-10-31,3.8250005
2019-11-01,7.502083
2019-11-02,12.71875
2019-11-03,10.16875
2019-11-04,9.53125
2019-11-05,8.631249
2019-11-06,8.091667
2019-11-07,6.860417
2019-11-08,5.685417
2019-11-09,6.529167
2019-11-10,3.029167
2019-11-11,4.9562507
2019-11-12,5.158333
2019-11-13,6.4791665
2019-11-14,5.072917
2019-11-15,3.7958333
2019-11-16,3.8520834
2019-11-17,4.0229163
2019-11-18,6.458334
2019-11-19,5.764583
2019-11-20,1.8104168
2019-11-21,2.4791667
2019-11-22,5.4270825
2019-11-23,5.8104177
2019-11-24,5.46875
2019-11-25,7.191666
2019-11-26,9.554166
2019-11-27,9.816666
2019-11-28,9.254167
2019-11-29,5.914583
2019-11-30,2.6416664
2019-12-01,0.8999999
2019-12-02,4.6833334
2019-12-03,5.441666
2019-12-04,2.0395834
2019-12-05,3.2562501
2019-12-06,8.458333
2019-12-07,8.662499
2019-12-08,9.087502
2019-12-09,6.806249
2019-12-10,5.508333
2019-12-11,6.377083
2019-12-12,4.3958335
2019-12-13,4.9583335
2019-12-14,5.9979157
2019-12-15,7.1020827
2019-12-16,6.691666
2019-12-17,9.022917
2019-12-18,6.277083
2019-12-19,10.787499
2019-12-20,10.337501
2019-12-21,7.4583335
2019-12-22,7.708332
2019-12-23,7.4791665
2019-12-24,7.5291667
2019-12-25,6.4624996
2019-12-26,4.7479157
2019-12-27,3.2708333
2019-12-28,0.69166666
2019-12-29,1.2708334
2019-12-30,5.1041665
2019-12-31,4.9958334
2020-01-01,1.4479166
2020-01-02,3.966667
2020-01-03,7.9395833
2020-01-04,7.1104164
2020-01-05,6.691666
2020-01-06,5.78125
2020-01-07,6.954167
2020-01-08,10.185418
2020-01-09,11.258334
2020-01-10,6.8958325
2020-01-11,5.441667
2020-01-12,7.4895825
2020-01-13,7.0437503
2020-01-14,10.4375
2020-01-15,9.749999
2020-01-16,7.0729175
2020-01-17,8.339584
2020-01-18,5.3312507
2020-01-19,4.960417
2020-01-20,3.708333
2020-01-21,3.0791664
2020-01-22,6.160417
2020-01-23,5.0625005
2020-01-24,3.35625
2020-01-25,2.252083
2020-01-26,4.7729163
2020-01-27,7.783333
2020-01-28,5.0208335
2020-01-29,5.75
2020-01-30,8.939584
2020-01-31,9.995833
2020-02-01,10.185416
2020-02-02,8.447917
2020-02-03,8.841667
2020-02-04,5.285416
2020-02-05,4.4333334
2020-02-06,5.2458334
2020-02-07,3.9604168
2020-02-08,6.5895824
2020-02-09,9.085417
2020-02-10,7.1583333
2020-02-11,5.4604173
2020-02-12,5.1583333
2020-02-13,5.09375
2020-02-14,7.191667
2020-02-15,10.28125
2020-02-16,11.714583
2020-02-17,7.9166665
2020-02-18,7.2791667
2020-02-19,6.102083
2020-02-20,7.8562493
2020-02-21,7.245834
2020-02-22,9.604166
2020-02-23,8.500001
2020-02-24,7.266666
2020-02-25,6.2749996
2020-02-26,4.091666
2020-02-27,2.7145834
2020-02-28,4.8999996
2020-02-29,8.479165
2020-03-01,6.181249
2020-03-02,5.025
2020-03-03,4.610417
2020-03-04,5.714583
2020-03-05,5.5395827
2020-03-06,5.5958333
2020-03-07,6.497917
2020-03-08,8.618751
2020-03-09,7.2770844
2020-03-10,10.018749
2020-03-11,10.208334
2020-03-12,7.991667
2020-03-13,5.979166
2020-03-14,5.954167
2020-03-15,9.520832
2020-03-16,7.504167
2020-03-17,7.69375
2020-03-18,9.8
2020-03-19,7.881252
2020-03-20,6.366667
2020-03-21,4.529166
2020-03-22,3.939583
2020-03-23,3.9249995
2020-03-24,4.8125
2020-03-25,5.00625
2020-03-26,5.4041667
2020-03-27,7.2833333
2020-03-28,6.9687495
2020-03-29,4.1625
2020-03-30,4.275
2020-03-31,3.5041664
2020-04-01,3.333333
2020-04-02,6.420833
2020-04-03,5.7687507
2020-04-04,7.645834
2020-04-05,11.320834
2020-04-06,12.987502
2020-04-07,11.820832
2020-04-08,13.462501
2020-04-09,12.497916
2020-04-10,9.860415
2020-04-11,11.529167
2020-04-12,12.335418
2020-04-13,7.1729164
2020-04-14,6.2520833
2020-04-15,7.454167
2020-04-16,11.145833
2020-04-17,9.254167
2020-04-18,10.808333
2020-04-19,11.510415
2020-04-20,11.602082
2020-04-21,13.158332
2020-04-22,14.389584
2020-04-23,14.839584
2020-04-24,11.710418
2020-04-25,9.425
2020-04-26,8.564582
2020-04-27,11.256251
2020-04-28,8.845833
2020-04-29,11.027083
2020-04-30,11.208333
2020-05-01,9.527083
2020-05-02,9.720834
2020-05-03,10.662499
2020-05-04,10.466666
2020-05-05,8.875001
2020-05-06,9.752084
2020-05-07,11.170833
2020-05-08,14.435417
2020-05-09,16.27083
2020-05-10,12.268748
2020-05-11,8.181251
2020-05-12,7.8812504
2020-05-13,7.5687504
2020-05-14,7.1895833
2020-05-15,8.310416
2020-05-16,10.358333
2020-05-17,12.031251
2020-05-18,13.556251
2020-05-19,14.508331
2020-05-20,16.025
2020-05-21,18.90833
2020-05-22,17.406248
2020-05-23,14.4749975
2020-05-24,13.524999
2020-05-25,15.018749
2020-05-26,15.216667
2020-05-27,15.112499
2020-05-28,13.733335
2020-05-29,14.537499
2020-05-30,17.110415
2020-05-31,16.99375
2020-06-01,17.758333
2020-06-02,18.775
2020-06-03,15.891666
2020-06-04,12.624999
2020-06-05,9.977083
2020-06-06,11.347917
2020-06-07,12.185416
2020-06-08,13.506251
2020-06-09,12.622916
2020-06-10,13.604165
2020-06-11,15.629165
2020-06-12,19.85
2020-06-13,19.616667
2020-06-14,17.895834
2020-06-15,17.666666
2020-06-16,17.575
2020-06-17,18.797918
2020-06-18,17.604168
2020-06-19,16.35625
2020-06-20,16.652084
2020-06-21,17.339582
2020-06-22,16.860415
2020-06-23,18.658335
2020-06-24,22.520836
2020-06-25,23.512503
2020-06-26,23.835417
2020-06-27,19.483332
2020-06-28,16.908333
2020-06-29,16.0625
2020-06-30,15.989583
2020-07-01,17.527082
2020-07-02,16.6875
2020-07-03,16.55625
2020-07-04,16.845835
2020-07-05,17.702082
2020-07-06,14.797917
2020-07-07,14.218749
2020-07-08,14.493749
2020-07-09,16.404167
2020-07-10,14.379165
2020-07-11,13.914584
2020-07-12,14.737502
2020-07-13,16.539583
2020-07-14,15.458335
2020-07-15,15.695834
2020-07-16,16.13125
2020-07-17,17.852083
2020-07-18,18.666666
2020-07-19,17.139584
2020-07-20,15.216667
2020-07-21,14.506251
2020-07-22,14.835416
2020-07-23,17.308332
2020-07-24,17.691666
2020-07-25,17.997915
2020-07-26,17.733332
2020-07-27,17.895832
2020-07-28,17.114586
2020-07-29,15.997916
2020-07-30,18.216665
2020-07-31,22.831253
2020-08-01,20.833334
2020-08-02,17.072916
2020-08-03,14.760414
2020-08-04,16.304167
2020-08-05,19.981249
2020-08-06,21.441666
2020-08-07,24.808332
2020-08-08,25.327082
2020-08-09,25.25208
2020-08-10,25.387499
2020-08-11,26.572916
2020-08-12,25.908333
2020-08-13,24.429169
2020-08-14,21.872917
2020-08-15,21.82292
2020-08-16,22.502083
2020-08-17,19.162498
2020-08-18,18.052084
2020-08-19,20.391668
2020-08-20,22.0625
2020-08-21,22.799997
2020-08-22,18.5875
2020-08-23,17.375
2020-08-24,16.472918
2020-08-25,16.362501
2020-08-26,16.520834
2020-08-27,15.464584
2020-08-28,15.970833
2020-08-29,15.216666
2020-08-30,15.712502
2020-08-31,13.716666
2020-09-01,13.431251
2020-09-02,14.647918
2020-09-03,16.185417
2020-09-04,17.089582
2020-09-05,14.883334
2020-09-06,13.841666
2020-09-07,15.087502
2020-09-08,17.904167
2020-09-09,16.983332
2020-09-10,14.620834
2020-09-11,14.077084
2020-09-12,15.277085
2020-09-13,16.629168
2020-09-14,18.858332
2020-09-15,21.356253
2020-09-16,18.133333
2020-09-17,14.731251
2020-09-18,14.112499
2020-09-19,15.066667
2020-09-20,14.816667
2020-09-21,14.856251
2020-09-22,14.23125
2020-09-23,16.383333
2020-09-24,13.858333
2020-09-25,10.704167
2020-09-26,12.031249
2020-09-27,14.543751
2020-09-28,15.445831
2020-09-29,15.700001
2020-09-30,14.912499
2020-10-01,13.400001
2020-10-02,12.933334
2020-10-03,12.743752
2020-10-04,11.26875
2020-10-05,11.606251
2020-10-06,12.631251
2020-10-07,12.525001
2020-10-08,13.570834
2020-10-09,11.145833
2020-10-10,9.08125
2020-10-11,9.643749
2020-10-12,10.325
2020-10-13,10.243751
2020-10-14,9.608335
2020-10-15,9.25
2020-10-16,8.585416
2020-10-17,8.7625
2020-10-18,9.125
2020-10-19,9.610416
2020-10-20,11.541668
2020-10-21,14.920834
2020-10-22,13.779167
2020-10-23,12.383332
2020-10-24,13.272915
2020-10-25,11.962498
2020-10-26,9.529166
2020-10-27,9.650001
2020-10-28,10.147916
2020-10-29,10.900002
2020-10-30,14.493752
2020-10-31,13.647919
2020-11-01,13.783333
2020-11-02,15.814583
2020-11-03,9.710417
2020-11-04,8.2625
2020-11-05,7.216667
2020-11-06,7.929167
2020-11-07,6.964583
2020-11-08,8.345834
2020-11-09,11.129167
2020-11-10,10.760417
2020-11-11,10.454167
2020-11-12,10.312501
2020-11-13,9.483333
2020-11-14,11.362499
2020-11-15,12.320834
2020-11-16,10.727082
2020-11-17,12.529167
2020-11-18,12.183333
2020-11-19,8.747916
2020-11-20,6.3770833
2020-11-21,10.395834
2020-11-22,9.660417
2020-11-23,7.21875
2020-11-24,7.2125
2020-11-25,7.0791664
2020-11-26,8.729167
2020-11-27,6.0125003
2020-11-28,4.706249
2020-11-29,1.8041667
2020-11-30,4.5854163
2020-12-01,8.166667
2020-12-02,5.8500004
2020-12-03,5.3312507
2020-12-04,5.0541663
2020-12-05,1.6270833
2020-12-06,1.6708332
2020-12-07,4.691667
2020-12-08,0.6166667
2020-12-09,0.89791673
2020-12-10,1.7041665
2020-12-11,2.3229167
2020-12-12,5.289583
2020-12-13,6.012501
2020-12-14,9.29375
2020-12-15,8.45
2020-12-16,6.772917
2020-12-17,8.491666
2020-12-18,7.7416673
2020-12-19,8.579166
2020-12-20,7.9895825
2020-12-21,7.770834
2020-12-22,10.108334
2020-12-23,9.964582
2020-12-24,5.245833
2020-12-25,3.3416665
2020-12-26,5.608333
2020-12-27,5.0312505
2020-12-28,2.5833333
2020-12-29,3.2500002
2020-12-30,3.9750001
2020-12-31,1.4854168
2021-01-01,2.4979165
2021-01-02,1.8624998
2021-01-03,2.5854166
2021-01-04,3.0249996
2021-01-05,2.8333333
2021-01-06,1.7583336
2021-01-07,2.4708335
2021-01-08,1.6520834
2021-01-09,0.7708333
2021-01-10,2.3270833
2021-01-11,5.879166
2021-01-12,5.7312503
2021-01-13,4.9458337
2021-01-14,1.5770832
2021-01-15,0.82083344
2021-01-16,0.45416677
2021-01-17,4.1875
2021-01-18,5.2270837
2021-01-19,8.008334
2021-01-20,8.974999
2021-01-21,7.0520835
2021-01-22,4.5416665
2021-01-23,2.908333
2021-01-24,1.9979167
2021-01-25,2.0270834
2021-01-26,4.295833
2021-01-27,4.8229165
2021-01-28,4.3749995
2021-01-29,6.868751
2021-01-30,-0.11874998
2021-01-31,-1.1166666
2021-02-01,0.5479167
2021-02-02,3.23125
2021-02-03,7.9187512
2021-02-04,7.047917
2021-02-05,6.5249996
2021-02-06,2.2916667
2021-02-07,-4.083334
2021-02-08,-4.8916664
2021-02-09,-3.2166665
2021-02-10,-4.729167
2021-02-11,-5.704167
2021-02-12,-6.647917
2021-02-13,-6.379166
2021-02-14,-1.55625
2021-02-15,3.7708337
2021-02-16,7.464584
2021-02-17,8.733334
2021-02-18,8.504168
2021-02-19,7.1145825
2021-02-20,12.281251
2021-02-21,11.41875
2021-02-22,11.152084
2021-02-23,12.364583
2021-02-24,13.656249
2021-02-25,10.485416
2021-02-26,5.943749
2021-02-27,4.5166664
2021-02-28,3.3895829
2021-03-01,4.829167
2021-03-02,6.0750003
2021-03-03,4.95
2021-03-04,4.5229163
2021-03-05,2.3083334
2021-03-06,0.91666675
2021-03-07,1.7124997
2021-03-08,4.3416657
2021-03-09,5.2125006
2021-03-10,5.389584
2021-03-11,8.422917
2021-03-12,6.2187505
2021-03-13,6.3750005
2021-03-14,6.172917
2021-03-15,6.2125
2021-03-16,5.2604165
2021-03-17,5.1437507
2021-03-18,4.425
2021-03-19,4.1625
2021-03-20,4.1208334
2021-03-21,6.1270833
2021-03-22,5.2833333
2021-03-23,6.93125
2021-03-24,6.9687495
2021-03-25,8.04375
2021-03-26,9.727083
2021-03-27,6.1041675
2021-03-28,8.785417
2021-03-29,10.918751
2021-03-30,12.345833
2021-03-31,12.65625
2021-04-01,8.622917
2021-04-02,5.9041657
2021-04-03,6.6791663
2021-04-04,6.066666
2021-04-05,4.295833
2021-04-06,2.8770835
2021-04-07,3.9729166
2021-04-08,5.3
2021-04-09,7.2916665
2021-04-10,4.670833
2021-04-11,4.0000005
2021-04-12,3.1958332
2021-04-13,4.472916
2021-04-14,4.185417
2021-04-15,5.03125
2021-04-16,5.6166663
2021-04-17,6.1458325
2021-04-18,7.8312497
2021-04-19,9.345834
2021-04-20,10.391665
2021-04-21,7.495834
2021-04-22,6.4375
2021-04-23,6.862499
2021-04-24,7.033333
2021-04-25,6.5937495
2021-04-26,6.349999
2021-04-27,8.570833
2021-04-28,9.560416
2021-04-29,7.2604165
2021-04-30,7.49375
2021-05-01,6.972916
2021-05-02,6.402083
2021-05-03,8.874999
2021-05-04,8.452083
2021-05-05,6.7208333
2021-05-06,6.2458324
2021-05-07,6.581249
2021-05-08,8.704166
2021-05-09,16.904167
2021-05-10,14.602084
2021-05-11,13.114583
2021-05-12,11.789582
2021-05-13,12.258332
2021-05-14,10.162499
2021-05-15,10.395833
2021-05-16,10.774999
2021-05-17,10.187501
2021-05-18,10.325001
2021-05-19,10.527084
2021-05-20,11.408333
2021-05-21,12.070834
2021-05-22,10.3125
2021-05-23,10.708332
2021-05-24,11.26875
2021-05-25,9.724999
2021-05-26,10.597917
2021-05-27,10.818749
2021-05-28,11.716666
2021-05-29,11.904168
2021-05-30,13.720836
2021-05-31,15.585415
2021-06-01,17.681252
2021-06-02,19.022917
2021-06-03,19.214582
2021-06-04,18.7875
2021-06-05,14.900002
2021-06-06,15.291665
2021-06-07,15.822917
2021-06-08,17.81458
2021-06-09,17.477083
2021-06-10,17.391666
2021-06-11,17.764582
2021-06-12,15.412501
2021-06-13,15.452084
2021-06-14,18.497915
2021-06-15,17.545834
2021-06-16,20.733334
2021-06-17,22.404167
2021-06-18,21.702082
2021-06-19,17.560415
2021-06-20,17.154165
2021-06-21,14.020832
2021-06-22,14.252083
2021-06-23,13.995833
2021-06-24,14.854168
2021-06-25,15.272919
2021-06-26,18.3125
2021-06-27,20.11875
2021-06-28,19.627085
2021-06-29,16.670835
2021-06-30,14.270833
2021-07-01,15.385418
2021-07-02,16.027082
2021-07-03,18.24375
2021-07-04,17.445833
2021-07-05,16.635418
2021-07-06,16.912502
2021-07-07,16.80625
2021-07-08,16.6375
2021-07-09,16.164583
2021-07-10,16.389584
2021-07-11,17.764584
2021-07-12,18.525
2021-07-13,18.722918
2021-07-14,18.052084
2021-07-15,18.31042
2021-07-16,17.641665
2021-07-17,18.654167
2021-07-18,19.056248
2021-07-19,17.318748
2021-07-20,17.4
2021-07-21,18.229166
2021-07-22,17.545832
2021-07-23,17.539583
2021-07-24,19.137499
2021-07-25,19.879168
2021-07-26,18.24375
2021-07-27,17.624998
2021-07-28,16.80208
2021-07-29,16.40625
2021-07-30,16.420832
2021-07-31,16.39375
2021-08-01,15.370833
2021-08-02,14.729167
2021-08-03,14.824998
2021-08-04,15.947915
2021-08-05,17.31875
2021-08-06,17.722918
2021-08-07,16.5125
2021-08-08,16.327085
2021-08-09,16.214582
2021-08-10,16.108334
2021-08-11,17.310417
2021-08-12,17.879168
2021-08-13,17.339584
2021-08-14,18.089586
2021-08-15,18.691668
2021-08-16,15.966668
2021-08-17,15.212501
2021-08-18,16.872917
2021-08-19,16.783335
2021-08-20,17.368748
2021-08-21,18.268751
2021-08-22,17.806248
2021-08-23,17.829168
2021-08-24,16.75625
2021-08-25,16.604166
2021-08-26,16.214582
2021-08-27,15.695832
2021-08-28,16.268747
2021-08-29,16.266665
2021-08-30,17.5375
2021-08-31,16.270834
2021-09-01,16.1625
2021-09-02,15.595833
2021-09-03,15.858334
2021-09-04,15.51875
2021-09-05,15.989582
2021-09-06,16.783333
2021-09-07,19.045835
2021-09-08,19.770834
2021-09-09,18.999998
2021-09-10,18.816668
2021-09-11,17.827084
2021-09-12,16.591665
2021-09-13,15.658337
2021-09-14,17.079166
2021-09-15,17.562498
2021-09-16,16.229166
2021-09-17,15.920833
2021-09-18,15.599999
2021-09-19,15.522919
2021-09-20,12.962502
2021-09-21,12.927083
2021-09-22,15.243749
2021-09-23,16.264585
2021-09-24,17.1375
2021-09-25,18.28125
2021-09-26,17.216665
2021-09-27,15.51875
2021-09-28,13.899998
2021-09-29,12.237499
2021-09-30,12.672916
2021-10-01,13.568751
2021-10-02,13.066667
2021-10-03,13.310414
2021-10-04,13.195835
2021-10-05,12.710418
2021-10-06,12.814584
2021-10-07,12.916665
2021-10-08,10.572917
2021-10-09,11.28125
2021-10-10,10.689582
2021-10-11,12.285417
2021-10-12,11.129166
2021-10-13,11.195834
2021-10-14,14.125
2021-10-15,12.333333
2021-10-16,10.095833
2021-10-17,10.656251
2021-10-18,11.279167
2021-10-19,16.289585
2021-10-20,15.677083
2021-10-21,10.38125
2021-10-22,9.76875
2021-10-23,9.295833
2021-10-24,8.343749
2021-10-25,10.489583
2021-10-26,11.893749
2021-10-27,13.647919
2021-10-28,11.802083
2021-10-29,13.102084
2021-10-30,12.016665
2021-10-31,11.114582
2021-11-01,9.445832
2021-11-02,6.8458333
2021-11-03,6.3854165
2021-11-04,6.110417
2021-11-05,8.377084
2021-11-06,10.956249
2021-11-07,10.55
2021-11-08,8.547916
2021-11-09,7.7479167
2021-11-10,9.504166
2021-11-11,10.193749
2021-11-12,7.960417
2021-11-13,11.018749
2021-11-14,9.545835
2021-11-15,6.558333
2021-11-16,5.6000004
2021-11-17,9.21875
2021-11-18,10.772916
2021-11-19,11.785417
2021-11-20,10.412499
2021-11-21,8.270834
2021-11-22,5.733333
2021-11-23,8.129166
2021-11-24,6.458334
2021-11-25,6.1541667
2021-11-26,4.3458333
2021-11-27,1.6666665
2021-11-28,2.4541667
2021-11-29,3.8354168
2021-11-30,9.079167
2021-12-01,8.254167
2021-12-02,2.6875
2021-12-03,3.2833335
2021-12-04,4.61875
2021-12-05,3.7
2021-12-06,1.7708335
2021-12-07,4.15
2021-12-08,4.4791665
2021-12-09,3.2291663
2021-12-10,2.6312501
2021-12-11,4.4375005
2021-12-12,9.272917
2021-12-13,9.150001
2021-12-14,8.739583
2021-12-15,9.549999
2021-12-16,7.03125
2021-12-17,6.8687496
2021-12-18,7.15625
2021-12-19,7.5645843
2021-12-20,4.1000004
2021-12-21,-1.964583
2021-12-22,-1.4854169
2021-12-23,2.7291667
2021-12-24,6.995833
2021-12-25,-1.3312501
2021-12-26,-1.2020832
2021-12-27,3.1083333
2021-12-28,7.7124996
2021-12-29,8.993751
2021-12-30,11.754167
2021-12-31,11.789582
2022-01-01,11.768749
2022-01-02,11.087499
2022-01-03,8.872916
2022-01-04,6.1895833
2022-01-05,5.3125
2022-01-06,3.252083
2022-01-07,3.4854167
2022-01-08,3.6374998
2022-01-09,4.8208337
2022-01-10,1.5875
2022-01-11,1.9500002
2022-01-12,3.6750002
2022-01-13,5.61875
2022-01-14,5.8999996
2022-01-15,3.5479167
2022-01-16,6.2083325
2022-01-17,6.59375
2022-01-18,4.8979173
2022-01-19,4.829167
2022-01-20,4.3291664
2022-01-21,5.202083
2022-01-22,6.35
2022-01-23,5.9999995
2022-01-24,4.3958335
2022-01-25,2.7333333
2022-01-26,4.539583
2022-01-27,7.1729164
2022-01-28,6.5125003
2022-01-29,9.05625
2022-01-30,6.1000004
2022-01-31,5.760416
2022-02-01,7.4250007
2022-02-02,7.939583
2022-02-03,7.275001
2022-02-04,6.235417
2022-02-05,6.254166
2022-02-06,7.2312493
2022-02-07,5.9604163
2022-02-08,9.358333
2022-02-09,8.614584
2022-02-10,6.627083
2022-02-11,4.316667
2022-02-12,2.7583334
2022-02-13,5.585417
2022-02-14,9.03125
2022-02-15,6.7979164
2022-02-16,10.320834
2022-02-17,8.256251
2022-02-18,7.8875003
2022-02-19,5.335417
2022-02-20,7.745833
2022-02-21,6.2104163
2022-02-22,7.154167
2022-02-23,7.7708335
2022-02-24,5.914583
2022-02-25,4.9166665
2022-02-26,3.3208332
2022-02-27,4.1312504
2022-02-28,4.147917
2022-03-01,4.4229174
2022-03-02,5.3375
2022-03-03,4.18125
2022-03-04,3.6041667
2022-03-05,1.6187502
2022-03-06,2.6437497
2022-03-07,2.7895832
2022-03-08,4.0708337
2022-03-09,5.464583
2022-03-10,7.3645825
2022-03-11,9.160417
2022-03-12,10.474999
2022-03-13,11.379166
2022-03-14,9.022918
2022-03-15,8.535416
2022-03-16,9.191667
2022-03-17,7.977082
2022-03-18,7.941667
2022-03-19,7.666666
2022-03-20,5.1208334
2022-03-21,7.1520844
2022-03-22,10.525001
2022-03-23,10.014584
2022-03-24,9.845834
2022-03-25,8.233333
2022-03-26,9.227084
2022-03-27,9.279167
2022-03-28,7.9374995
2022-03-29,7.800001
2022-03-30,5.6104164
2022-03-31,2.6541665
2022-04-01,3.0145833
2022-04-02,2.935417
2022-04-03,3.0083332
2022-04-04,7.3999996
2022-04-05,9.50625
2022-04-06,9.739583
2022-04-07,8.341665
2022-04-08,6.2729173
2022-04-09,5.9458337
2022-04-10,5.9500003
2022-04-11,9.01875
2022-04-12,13.039584
2022-04-13,12.445834
2022-04-14,11.181252
2022-04-15,8.539583
2022-04-16,10.18125
2022-04-17,10.541666
2022-04-18,12.039584
2022-04-19,11.695832
2022-04-20,11.160417
2022-04-21,11.597917
2022-04-22,12.6833315
2022-04-23,13.0979185
2022-04-24,11.020833
2022-04-25,8.995833
2022-04-26,9.09375
2022-04-27,8.068751
2022-04-28,8.422916
2022-04-29,8.560416
2022-04-30,8.054166
2022-05-01,8.766666
2022-05-02,10.243751
2022-05-03,8.752084
2022-05-04,9.847918
2022-05-05,11.764584
2022-05-06,13.368752
2022-05-07,13.472916
2022-05-08,10.660418
2022-05-09,13.493749
2022-05-10,15.162498
2022-05-11,14.241668
2022-05-12,13.325
2022-05-13,13.447917
2022-05-14,14.595834
2022-05-15,16.6
2022-05-16,17.31875
2022-05-17,17.36875
2022-05-18,18.116669
2022-05-19,16.462503
2022-05-20,12.970836
2022-05-21,13.339585
2022-05-22,14.650001
2022-05-23,15.185417
2022-05-24,12.872916
2022-05-25,13.345833
2022-05-26,14.847917
2022-05-27,13.237498
2022-05-28,11.808331
2022-05-29,10.8875
2022-05-30,10.372918
2022-05-31,11.708335
2022-06-01,11.689586
2022-06-02,13.418748
2022-06-03,15.527083
2022-06-04,14.560414
2022-06-05,15.972916
2022-06-06,13.239583
2022-06-07,13.595833
2022-06-08,14.883332
2022-06-09,15.289585
2022-06-10,16.685415
2022-06-11,16.360416
2022-06-12,15.391667
2022-06-13,13.447918
2022-06-14,14.70625
2022-06-15,16.643751
2022-06-16,17.718752
2022-06-17,21.470833
2022-06-18,18.741667
2022-06-19,13.956252
2022-06-20,14.389585
2022-06-21,15.210418
2022-06-22,16.970835
2022-06-23,21.329168
2022-06-24,18.854166
2022-06-25,18.220835
2022-06-26,17.164583
2022-06-27,15.768748
2022-06-28,17.452082
2022-06-29,19.70417
2022-06-30,17.535416
2022-07-01,15.764585
2022-07-02,16.997915
2022-07-03,15.981251
2022-07-04,16.487501
2022-07-05,15.091668
2022-07-06,15.868749
2022-07-07,16.366667
2022-07-08,16.472916
2022-07-09,16.922918
2022-07-10,16.464582
2022-07-11,18.291668
2022-07-12,19.875
2022-07-13,20.052082
2022-07-14,16.070833
2022-07-15,16.25
2022-07-16,16.668749
2022-07-17,17.252085
2022-07-18,22.210417
2022-07-19,26.862501
2022-07-20,22.702082
2022-07-21,18.050001
2022-07-22,16.472916
2022-07-23,18.129168
2022-07-24,21.945833
2022-07-25,19.866669
2022-07-26,16.710417
2022-07-27,15.510415
2022-07-28,16.404167
2022-07-29,18.4625
2022-07-30,18.043749
2022-07-31,19.041666
2022-08-01,17.970835
2022-08-02,19.783333
2022-08-03,21.549997
2022-08-04,20.593752
2022-08-05,16.620832
2022-08-06,15.758332
2022-08-07,16.10417
2022-08-08,17.325
2022-08-09,18.714582
2022-08-10,20.945833
2022-08-11,22.941668
2022-08-12,23.87292
2022-08-13,23.672915
2022-08-14,24.493752
2022-08-15,21.899996
2022-08-16,20.654165
2022-08-17,19.266666
2022-08-18,19.499998
2022-08-19,19.527082
2022-08-20,18.170834
2022-08-21,17.445833
2022-08-22,18.779167
2022-08-23,20.712502
2022-08-24,22.139582
2022-08-25,23.275
2022-08-26,18.552084
2022-08-27,16.924997
2022-08-28,16.364584
2022-08-29,16.472918
2022-08-30,18.056252
2022-08-31,17.814583
2022-09-01,18.095835
2022-09-02,18.7875
2022-09-03,19.69375
2022-09-04,19.806252
2022-09-05,20.995836
2022-09-06,20.683332
2022-09-07,17.831251
2022-09-08,17.179169
2022-09-09,15.53125
2022-09-10,15.875
2022-09-11,16.56875
2022-09-12,17.839582
2022-09-13,17.891668
2022-09-14,15.597916
2022-09-15,14.891666
2022-09-16,13.108333
2022-09-17,12.556251
2022-09-18,11.527083
2022-09-19,13.129167
2022-09-20,12.233334
2022-09-21,12.052082
2022-09-22,11.710416
2022-09-23,13.383334
2022-09-24,13.266669
2022-09-25,11.708333
2022-09-26,11.58125
2022-09-27,9.3
2022-09-28,9.802084
2022-09-29,9.441667
2022-09-30,10.722917
2022-10-01,13.925
2022-10-02,13.891667
2022-10-03,13.252084
2022-10-04,13.616666
2022-10-05,15.856251
2022-10-06,13.385417
2022-10-07,13.8625
2022-10-08,12.545833
2022-10-09,10.564584
2022-10-10,10.51875
2022-10-11,10.437501
2022-10-12,9.516666
2022-10-13,12.40417
2022-10-14,12.143749
2022-10-15,13.410417
2022-10-16,14.143749
2022-10-17,14.947917
2022-10-18,12.391666
2022-10-19,9.697917
2022-10-20,12.0625
2022-10-21,14.627084
2022-10-22,14.437499
2022-10-23,14.841667
2022-10-24,14.339583
2022-10-25,13.350001
2022-10-26,14.852082
2022-10-27,15.735415
2022-10-28,15.906253
2022-10-29,15.135418
2022-10-30,14.852082
2022-10-31,13.129167
2022-11-01,14.16875
2022-11-02,12.004167
2022-11-03,12.48125
2022-11-04,9.287499
2022-11-05,8.908334
2022-11-06,10.364583
2022-11-07,11.822915
2022-11-08,12.889583
2022-11-09,11.618751
2022-11-10,12.45
2022-11-11,10.610417
2022-11-12,8.099999
2022-11-13,7.947916
2022-11-14,5.810417
2022-11-15,9.554165
2022-11-16,9.979167
2022-11-17,9.652084
2022-11-18,7.7333336
2022-11-19,0.6604168
2022-11-20,-0.85625
2022-11-21,4.0708327
2022-11-22,6.293751
2022-11-23,7.43125
2022-11-24,8.700002
2022-11-25,8.6125
2022-11-26,7.354166
2022-11-27,6.8729167
2022-11-28,8.054166
2022-11-29,6.966667
2022-11-30,6.0875
2022-12-01,4.1999993
2022-12-02,2.8187497
2022-12-03,1.8229166
2022-12-04,1.2895833
2022-12-05,5.275
2022-12-06,5.0333333
2022-12-07,4.0916667
2022-12-08,2.189583
2022-12-09,-1.2166666
2022-12-10,-0.7333333
2022-12-11,-0.31875
2022-12-12,-1.9291668
2022-12-13,-3.541667
2022-12-14,-3.8604167
2022-12-15,-0.9520833
2022-12-16,-1.1083332
2022-12-17,-2.1937501
2022-12-18,-2.3416665
2022-12-19,6.289583
2022-12-20,9.410418
2022-12-21,6.547917
2022-12-22,7.9666657
2022-12-23,8.1375
2022-12-24,8.472917
2022-12-25,8.091665
2022-12-26,7.3020835
2022-12-27,6.3333325
2022-12-28,8.995833
2022-12-29,8.712501
2022-12-30,8.25625
2022-12-31,13.058333
2023-01-01,11.775001
2023-01-02,8.195834
2023-01-03,5.5770836
2023-01-04,10.837499
2023-01-05,9.972918
2023-01-06,9.633334
2023-01-07,9.945833
2023-01-08,7.99375
2023-01-09,6.4958344
2023-01-10,6.995833
2023-01-11,9.393749
2023-01-12,10.127084
2023-01-13,8.225001
2023-01-14,8.318749
2023-01-15,5.6499996
2023-01-16,3.4541664
2023-01-17,1.3520833
2023-01-18,1.9249998
2023-01-19,2.7041664
2023-01-20,0.1854167
2023-01-21,-1.1479167
2023-01-22,1.0124999
2023-01-23,2.6479168
2023-01-24,0.87499994
2023-01-25,0.59791666
2023-01-26,4.9395833
2023-01-27,3.604167
2023-01-28,2.8729165
2023-01-29,5.3875003
2023-01-30,6.8354163
2023-01-31,6.94375
2023-02-01,7.1395836
2023-02-02,8.041667
2023-02-03,8.785417
2023-02-04,7.6125007
2023-02-05,6.079167
2023-02-06,2.8729165
2023-02-07,0.13333337
2023-02-08,0.066666685
2023-02-09,1.975
2023-02-10,4.785416
2023-02-11,7.443751
2023-02-12,6.6625004
2023-02-13,6.393751
2023-02-14,4.3687496
2023-02-15,4.177084
2023-02-16,8.235416
2023-02-17,9.912499
2023-02-18,9.637499
2023-02-19,7.3937497
2023-02-20,8.116666
2023-02-21,8.668751
2023-02-22,6.3624997
2023-02-23,5.9479165
2023-02-24,4.8416667
2023-02-25,3.9645832
2023-02-26,3.0124998
2023-02-27,3.4770834
2023-02-28,2.2625
2023-03-01,1.4604167
2023-03-02,2.9437497
2023-03-03,4.077083
2023-03-04,5.995834
2023-03-05,4.070833
2023-03-06,3.9333334
2023-03-07,2.33125
2023-03-08,0.86666673
2023-03-09,1.6229166
2023-03-10,1.527083
2023-03-11,1.6270833
2023-03-12,6.3708344
2023-03-13,11.854167
2023-03-14,6.370834
2023-03-15,4.5625
2023-03-16,7.952083
2023-03-17,11.016666
2023-03-18,11.106251
2023-03-19,9.266667
2023-03-20,7.8937507
2023-03-21,10.139583
2023-03-22,10.414584
2023-03-23,11.76875
2023-03-24,10.485415
2023-03-25,8.466668
2023-03-26,6.095833
2023-03-27,4.5499997
2023-03-28,4.0208335
2023-03-29,10.045833
2023-03-30,11.516666
2023-03-31,10.320833
2023-04-01,9.120833
2023-04-02,5.6458335
2023-04-03,4.6958337
2023-04-04,4.2458334
2023-04-05,4.9166665
2023-04-06,6.085417
2023-04-07,8.33125
2023-04-08,8.322916
2023-04-09,10.516667
2023-04-10,10.15625
2023-04-11,9.056251
2023-04-12,8.645834
2023-04-13,7.806249
2023-04-14,8.587499
2023-04-15,8.764583
2023-04-16,8.539584
2023-04-17,9.697917
2023-04-18,9.237501
2023-04-19,9.645833
2023-04-20,8.277083
2023-04-21,10.866668
2023-04-22,8.737498
2023-04-23,11.099999
2023-04-24,8.325001
2023-04-25,6.1854157
2023-04-26,5.9895835
2023-04-27,7.431249
2023-04-28,9.914583
2023-04-29,10.322917
2023-04-30,10.908334
2023-05-01,11.022916
2023-05-02,9.077084
2023-05-03,8.754167
2023-05-04,12.979165
2023-05-05,13.450001
2023-05-06,14.28125
2023-05-07,14.989583
2023-05-08,14.1875
2023-05-09,13.372916
2023-05-10,12.431248
2023-05-11,13.14375
2023-05-12,15.529167
2023-05-13,14.945834
2023-05-14,13.214583
2023-05-15,10.533334
2023-05-16,9.835417
2023-05-17,9.945833
2023-05-18,9.412499
2023-05-19,12.512498
2023-05-20,14.5270815
2023-05-21,15.854168
2023-05-22,16.59375
2023-05-23,12.008334
2023-05-24,11.289582
2023-05-25,12.035417
2023-05-26,11.902084
2023-05-27,13.281249
2023-05-28,14.089583
2023-05-29,11.7854185
2023-05-30,12.412499
2023-05-31,14.162498
2023-06-01,12.412501
2023-06-02,13.504165
2023-06-03,15.370833
2023-06-04,14.402084
2023-06-05,13.635415
2023-06-06,14.027083
2023-06-07,14.549999
2023-06-08,15.931249
2023-06-09,20.039581
2023-06-10,21.985415
2023-06-11,23.831251
2023-06-12,23.295832
2023-06-13,21.22083
2023-06-14,20.2375
2023-06-15,20.179167
2023-06-16,18.977083
2023-06-17,19.391668
2023-06-18,20.879168
2023-06-19,19.847916
2023-06-20,22.208336
2023-06-21,19.0
2023-06-22,19.093752
2023-06-23,19.397917
2023-06-24,20.300001
2023-06-25,23.824999
2023-06-26,18.395832
2023-06-27,16.977083
2023-06-28,17.981249
2023-06-29,17.685415
2023-06-30,16.810415
2023-07-01,17.364584
2023-07-02,16.65625
2023-07-03,16.172918
2023-07-04,16.293749
2023-07-05,14.252084
2023-07-06,16.395836
2023-07-07,20.504168
2023-07-08,24.027084
2023-07-09,21.227083
2023-07-10,19.404165
2023-07-11,20.133335
2023-07-12,17.689585
2023-07-13,17.272917
2023-07-14,18.952084
2023-07-15,20.672915
2023-07-16,18.272917
2023-07-17,16.99375
2023-07-18,17.918749
2023-07-19,17.21667
2023-07-20,16.125
2023-07-21,15.3875
2023-07-22,15.708332
2023-07-23,17.610416
2023-07-24,16.852083
2023-07-25,14.787501
2023-07-26,15.397918
2023-07-27,17.079165
2023-07-28,19.037497
2023-07-29,18.577082
2023-07-30,17.6
2023-07-31,17.629168
2023-08-01,16.572916
2023-08-02,16.800001
2023-08-03,16.327085
2023-08-04,16.304167
2023-08-05,15.0979185
2023-08-06,14.477081
2023-08-07,15.333333
2023-08-08,15.445835
2023-08-09,15.181251
2023-08-10,17.843748
2023-08-11,19.697918
2023-08-12,19.129166
2023-08-13,18.302084
2023-08-14,19.460417
2023-08-15,18.302084
2023-08-16,17.577084
2023-08-17,18.479168
2023-08-18,20.277082
2023-08-19,20.922916
2023-08-20,18.710417
2023-08-21,18.40625
2023-08-22,17.979166
2023-08-23,18.593752
2023-08-24,19.504168
2023-08-25,18.629168
2023-08-26,15.706249
2023-08-27,14.820834
2023-08-28,15.650001
2023-08-29,15.310418
2023-08-30,14.002083
2023-08-31,14.747914
2023-09-01,15.864586
2023-09-02,16.93542
2023-09-03,17.114584
2023-09-04,18.133333
2023-09-05,20.993748
2023-09-06,21.870834
2023-09-07,21.71875
2023-09-08,21.389585
2023-09-09,21.635416
2023-09-10,23.816668
2023-09-11,21.304167
2023-09-12,19.6625
2023-09-13,16.512499
2023-09-14,15.5
2023-09-15,16.322918
2023-09-16,17.822918
2023-09-17,18.064585
2023-09-18,18.258333
2023-09-19,16.560417
2023-09-20,18.556252
2023-09-21,16.18125
2023-09-22,13.1916685
2023-09-23,13.293751
2023-09-24,14.556249
2023-09-25,16.00625
2023-09-26,16.777082
2023-09-27,18.091665
2023-09-28,17.50625
2023-09-29,16.252085
2023-09-30,15.295835
2023-10-01,17.358335
2023-10-02,18.693748
2023-10-03,16.439585
2023-10-04,15.458332
2023-10-05,15.791667
2023-10-06,16.868752
2023-10-07,18.295834
2023-10-08,15.695834
2023-10-09,17.258333
2023-10-10,17.141668
2023-10-11,17.65625
2023-10-12,14.570836
2023-10-13,17.720835
2023-10-14,11.689584
2023-10-15,8.51875
2023-10-16,9.139584
2023-10-17,8.516666
2023-10-18,9.070834
2023-10-19,14.443751
2023-10-20,10.864582
2023-10-21,13.033333
2023-10-22,12.072918
2023-10-23,10.183333
2023-10-24,11.404167
2023-10-25,9.770834
2023-10-26,8.739584
2023-10-27,9.902083
2023-10-28,10.575001
2023-10-29,12.14375
2023-10-30,11.227082
2023-10-31,10.872916
2023-11-01,11.320832
2023-11-02,10.283333
2023-11-03,9.968751
2023-11-04,8.666667
2023-11-05,9.570833
2023-11-06,9.660417
2023-11-07,9.397917
2023-11-08,9.385415
2023-11-09,9.229167
2023-11-10,7.2833343
2023-11-11,7.3645835
2023-11-12,6.177084
2023-11-13,9.868751
2023-11-14,11.352084
2023-11-15,10.143749
2023-11-16,6.6145825
2023-11-17,5.139583
2023-11-18,8.014584
2023-11-19,12.3708315
2023-11-20,10.002083
2023-11-21,7.618751
2023-11-22,5.5437503
2023-11-23,11.602084
2023-11-24,6.9
2023-11-25,5.9187493
2023-11-26,5.591667
2023-11-27,4.295833
2023-11-28,2.5000002
2023-11-29,2.4708333
2023-11-30,-1.175
2023-12-01,-1.2229167
2023-12-02,-1.1874999
2023-12-03,0.20208333
2023-12-04,1.9958334
2023-12-05,1.6
2023-12-06,2.8062503
2023-12-07,0.35208336
2023-12-08,4.9312496
2023-12-09,7.4812493
2023-12-10,9.320832
2023-12-11,8.372916
2023-12-12,7.1958337
2023-12-13,6.868751
2023-12-14,5.264583
2023-12-15,6.8416657
2023-12-16,8.814584
2023-12-17,8.79375
2023-12-18,9.052083
2023-12-19,9.38125
2023-12-20,8.489583
2023-12-21,9.662499
2023-12-22,7.810417
2023-12-23,9.54375
2023-12-24,11.158334
2023-12-25,10.654166
2023-12-26,7.537501
2023-12-27,6.9500003
2023-12-28,10.510417
2023-12-29,8.999999
2023-12-30,8.04375
2023-12-31,8.506249
2024-01-01,7.1458325
2024-01-02,9.945832
2024-01-03,8.618751
2024-01-04,6.670833
2024-01-05,6.4583325
2024-01-06,3.4999998
2024-01-07,0.27500007
2024-01-08,-1.1770833
2024-01-09,-3.0687501
2024-01-10,-2.9958334
2024-01-11,-1.0791665
2024-01-12,2.0562499
2024-01-13,4.0958333
2024-01-14,3.0062501
2024-01-15,2.1229167
2024-01-16,0.96458334
2024-01-17,-1.2333335
2024-01-18,-1.36875
2024-01-19,1.8645834
2024-01-20,1.0124999
2024-01-21,4.079167
2024-01-22,8.929168
2024-01-23,7.8770843
2024-01-24,9.527083
2024-01-25,6.8124995
2024-01-26,7.962501
2024-01-27,4.2
2024-01-28,4.1666665
2024-01-29,6.5416665
2024-01-30,7.933333
2024-01-31,6.25
2024-02-01,6.5375
2024-02-02,8.197917
2024-02-03,9.677083
2024-02-04,9.625001
2024-02-05,9.058333
2024-02-06,9.787499
2024-02-07,4.522917
2024-02-08,2.0
2024-02-09,9.854168
2024-02-10,9.581251
2024-02-11,8.079167
2024-02-12,5.9645844
2024-02-13,6.410417
2024-02-14,10.383332
2024-02-15,12.620834
2024-02-16,10.281249
2024-02-17,9.025001
2024-02-18,9.185416
2024-02-19,8.129165
2024-02-20,8.3625
2024-02-21,9.285417
2024-02-22,9.725
2024-02-23,5.3479176
2024-02-24,4.214583
2024-02-25,5.5541673
2024-02-26,4.8770833
2024-02-27,4.2770834
2024-02-28,6.96875
2024-02-29,8.135417
2024-03-01,7.597918
2024-03-02,8.352082
2024-03-03,9.720833
2024-03-04,6.5416656
2024-03-05,5.5291667
2024-03-06,6.3312507
2024-03-07,5.3749995
2024-03-08,5.016667
2024-03-09,7.6395836
2024-03-10,8.564583
2024-03-11,7.233333
2024-03-12,8.547917
2024-03-13,10.720833
2024-03-14,12.266666
2024-03-15,11.795833
2024-03-16,7.5125003
2024-03-17,9.216666
2024-03-18,10.310417
2024-03-19,10.377084
2024-03-20,10.272916
2024-03-21,8.762499
2024-03-22,9.183332
2024-03-23,6.15625
2024-03-24,6.6416664
2024-03-25,7.1999993
2024-03-26,9.039583
2024-03-27,9.562499
2024-03-28,8.1625
2024-03-29,10.525001
2024-03-30,8.418751
2024-03-31,9.672917
2024-04-01,9.162501
2024-04-02,9.458335
2024-04-03,10.597917
2024-04-04,11.05
2024-04-05,13.002086
2024-04-06,17.277084
2024-04-07,14.724998
2024-04-08,13.993752
2024-04-09,11.172916
2024-04-10,10.679166
2024-04-11,13.041667
2024-04-12,14.054166
2024-04-13,15.087501
2024-04-14,10.345835
2024-04-15,7.950001
2024-04-16,7.727083
2024-04-17,6.0375004
2024-04-18,7.120834
2024-04-19,8.135417
2024-04-20,6.777083
2024-04-21,6.177084
2024-04-22,5.2374997
2024-04-23,5.3208337
2024-04-24,6.2187514
2024-04-25,6.035417
2024-04-26,7.014583
2024-04-27,10.314584
2024-04-28,12.087501
2024-04-29,11.754167
2024-04-30,15.539582
2024-05-01,18.35
2024-05-02,16.824999
2024-05-03,11.525002
2024-05-04,11.537499
2024-05-05,12.2625
2024-05-06,13.722916
2024-05-07,13.252083
2024-05-08,12.0895815
2024-05-09,11.679166
2024-05-10,13.870835
2024-05-11,15.2541685
2024-05-12,18.272915
2024-05-13,18.816668
2024-05-14,19.445833
2024-05-15,15.785417
2024-05-16,15.339583
2024-05-17,15.329164
2024-05-18,17.083334
2024-05-19,16.327085
2024-05-20,15.514581
2024-05-21,17.420832
2024-05-22,15.554165
2024-05-23,14.889585
2024-05-24,14.979169
2024-05-25,14.733333
2024-05-26,15.297916
2024-05-27,13.985416
2024-05-28,14.068751
2024-05-29,14.574998
2024-05-30,13.747916
2024-05-31,15.212502
2024-06-01,15.264584
2024-06-02,13.737502
2024-06-03,13.53125
2024-06-04,15.410415
2024-06-05,12.375
2024-06-06,12.4645815
2024-06-07,13.175
2024-06-08,13.012498
2024-06-09,12.549999
2024-06-10,11.083333
2024-06-11,11.704167
2024-06-12,11.062497
2024-06-13,13.372917
2024-06-14,14.735416
2024-06-15,13.629167
2024-06-16,14.114583
2024-06-17,15.139583
2024-06-18,15.256249
2024-06-19,14.710416
2024-06-20,14.783334
2024-06-21,15.456249
2024-06-22,15.920834
2024-06-23,17.327082
2024-06-24,18.791666
2024-06-25,21.227083
2024-06-26,22.885414
2024-06-27,21.09583
2024-06-28,16.402086
2024-06-29,18.054167
2024-06-30,16.562498
2024-07-01,15.089583
2024-07-02,14.460418
2024-07-03,13.345832
2024-07-04,15.252084
2024-07-05,15.750001
2024-07-06,15.627084
2024-07-07,13.662501
2024-07-08,15.689583
2024-07-09,19.97083
2024-07-10,17.968752
2024-07-11,16.491667
2024-07-12,14.493752
2024-07-13,14.495834
2024-07-14,15.889581
2024-07-15,18.545834
2024-07-16,17.547916
2024-07-17,16.995832
2024-07-18,18.733332
2024-07-19,22.495834
2024-07-20,22.656252
2024-07-21,19.268751
2024-07-22,18.104166
2024-07-23,18.347918
2024-07-24,16.922915
2024-07-25,18.314585
2024-07-26,17.968752
2024-07-27,17.452085
2024-07-28,17.708334
2024-07-29,19.3625
2024-07-30,21.958334
2024-07-31,20.610415
2024-08-01,19.237501
2024-08-02,19.264584
2024-08-03,19.874998
2024-08-04,16.770832
2024-08-05,18.533333
2024-08-06,20.729166
2024-08-07,19.0
2024-08-08,19.758335
2024-08-09,19.566668
2024-08-10,18.85625
2024-08-11,20.70833
2024-08-12,23.135416
2024-08-13,22.706251
2024-08-14,20.064585
2024-08-15,20.210417
2024-08-16,19.660418
2024-08-17,18.343748
2024-08-18,17.25
2024-08-19,18.097918
2024-08-20,18.197918
2024-08-21,16.408335
2024-08-22,18.393751
2024-08-23,19.166666
2024-08-24,18.514582
2024-08-25,16.370834
2024-08-26,16.772917
2024-08-27,17.820833
2024-08-28,20.254166
2024-08-29,18.822916
2024-08-30,16.883333
2024-08-31,18.016668
2024-09-01,21.372917
2024-09-02,21.787498
2024-09-03,19.341665
2024-09-04,17.745836
2024-09-05,21.800001
2024-09-06,21.518751
2024-09-07,20.275002
2024-09-08,18.720835
2024-09-09,16.275
2024-09-10,15.208335
2024-09-11,10.933333
2024-09-12,10.124999
2024-09-13,11.647916
2024-09-14,12.214583
2024-09-15,13.716664
2024-09-16,14.845833
2024-09-17,15.618751
2024-09-18,16.877083
2024-09-19,17.220833
2024-09-20,17.4875
2024-09-21,17.150003
2024-09-22,17.654165
2024-09-23,16.47083
2024-09-24,14.435417
2024-09-25,13.877083
2024-09-26,15.122916
2024-09-27,12.143749
2024-09-28,10.514583
2024-09-29,10.214584
2024-09-30,11.572918
2024-10-01,13.233334
2024-10-02,11.860416
2024-10-03,10.106249
2024-10-04,8.827084
2024-10-05,8.943749
2024-10-06,10.704166
2024-10-07,14.4645815
2024-10-08,14.845834
2024-10-09,13.366666
2024-10-10,11.497916
2024-10-11,8.727083
2024-10-12,8.991666
2024-10-13,10.391665
2024-10-14,7.7937493
2024-10-15,9.585417
2024-10-16,15.635417
2024-10-17,15.733334
2024-10-18,14.902083
2024-10-19,14.408336
2024-10-20,15.454166
2024-10-21,13.887498
2024-10-22,12.177083
2024-10-23,11.014583
2024-10-24,10.191667
2024-10-25,13.139583
2024-10-26,13.533336
2024-10-27,12.760417
2024-10-28,12.766667
2024-10-29,13.925
2024-10-30,12.554166
2024-10-31,11.004167
2024-11-01,12.202084
2024-11-02,10.572916
2024-11-03,6.504166
2024-11-04,6.9500003
2024-11-05,6.445833
2024-11-06,9.102084
2024-11-07,6.9125
2024-11-08,4.654166
2024-11-09,6.0854173
2024-11-10,8.227082
2024-11-11,10.06875
2024-11-12,8.339585
2024-11-13,9.275
2024-11-14,10.522918
2024-11-15,9.360416
2024-11-16,10.341666
2024-11-17,7.0750003
2024-11-18,5.0708327
2024-11-19,3.6395836
2024-11-20,1.989583
2024-11-21,1.4916667
2024-11-22,2.4145834
2024-11-23,3.9479167
2024-11-24,14.793751
2024-11-25,12.314584
2024-11-26,7.4062505
2024-11-27,7.195833
2024-11-28,7.1854167
2024-11-29,3.4624999
2024-11-30,3.9208333
2024-12-01,6.2562504
2024-12-02,9.09375
2024-12-03,6.0854154
2024-12-04,4.5937495
2024-12-05,6.983333
2024-12-06,8.270834
2024-12-07,7.4874988
2024-12-08,6.2937503
2024-12-09,5.9895835
2024-12-10,4.927084
2024-12-11,3.5562499
2024-12-12,4.41875
2024-12-13,2.116667
2024-12-14,4.2312503
2024-12-15,8.964583
2024-12-16,10.129167
2024-12-17,8.454165
2024-12-18,10.629167
2024-12-19,8.027082
2024-12-20,6.472917
2024-12-21,8.216666
2024-12-22,5.383333
2024-12-23,6.6062503
2024-12-24,6.38125
2024-12-25,9.364583
2024-12-26,7.8437505
2024-12-27,3.2333338
2024-12-28,2.2541666
2024-12-29,5.8895836
2024-12-30,7.520834
2024-12-31,6.183334
2025-01-01,8.374999
2025-01-02,3.7604167
2025-01-03,2.5416667
2025-01-04,1.40625
2025-01-05,5.020833
2025-01-06,8.958332
2025-01-07,3.8437507
2025-01-08,3.054167
2025-01-09,2.2458332
2025-01-10,2.5854163
2025-01-11,1.4187499
2025-01-12,2.3291667
2025-01-13,0.44583336
2025-01-14,4.277083
2025-01-15,6.595833
2025-01-16,4.764582
2025-01-17,2.0916667
2025-01-18,-0.875
2025-01-19,-0.97916657
2025-01-20,0.1458333
2025-01-21,0.7145834
2025-01-22,0.9375
2025-01-23,5.1354165
2025-01-24,7.625
2025-01-25,5.0437503
2025-01-26,3.4666665
2025-01-27,8.49375
2025-01-28,7.50625
2025-01-29,6.7437496
2025-01-30,5.1749997
2025-01-31,3.1104167
2025-02-01,1.0375
2025-02-02,-0.4354167
2025-02-03,0.7041667
2025-02-04,2.9458332
2025-02-05,5.4479165
2025-02-06,3.397916
2025-02-07,2.5729167
2025-02-08,3.7979162
2025-02-09,3.35625
2025-02-10,1.9979167
2025-02-11,2.3416665
2025-02-12,3.2770834
2025-02-13,0.92708343
2025-02-14,0.50208336
2025-02-15,1.1583332
2025-02-16,0.40208328
2025-02-17,-1.30625
2025-02-18,-1.05625
2025-02-19,0.79375005
2025-02-20,6.4937496
2025-02-21,12.939584
2025-02-22,9.906251
2025-02-23,9.743751
2025-02-24,9.964583
2025-02-25,7.620833
2025-02-26,7.0375
2025-02-27,5.508333
2025-02-28,4.9041667
2025-03-01,3.4604168
2025-03-02,2.0895836
2025-03-03,1.65625
2025-03-04,3.1708333
2025-03-05,6.158333
2025-03-06,8.091667
2025-03-07,10.304167
2025-03-08,10.625
2025-03-09,9.635416
2025-03-10,7.858332
2025-03-11,5.6145835
2025-03-12,4.504167
2025-03-13,3.0666666
2025-03-14,2.5937498
2025-03-15,2.9645836
2025-03-16,3.2979164
2025-03-17,4.4416666
2025-03-18,4.008333
2025-03-19,7.1437507
2025-03-20,10.150001
2025-03-21,13.10625
2025-03-22,13.872916
2025-03-23,11.879167
2025-03-24,9.029166
2025-03-25,8.075001
2025-03-26,8.05
2025-03-27,7.6979165
2025-03-28,7.8166656
2025-03-29,7.4375
2025-03-30,9.491668
2025-03-31,7.7291665
2025-04-01,8.191667
2025-04-02,10.575001
2025-04-03,13.212499
2025-04-04,12.302082
2025-04-05,9.0125
2025-04-06,7.2583337
2025-04-07,7.1875
2025-04-08,7.620833
2025-04-09,7.285416
2025-04-10,9.079167
2025-04-11,9.808333
2025-04-12,14.154166
2025-04-13,13.056249
2025-04-14,12.25
2025-04-15,13.825001
2025-04-16,10.662499
2025-04-17,9.795833
2025-04-18,9.852084
2025-04-19,8.820833
2025-04-20,9.535417
2025-04-21,10.3625
2025-04-22,11.458335
2025-04-23,11.502083
2025-04-24,10.3625
2025-04-25,10.302084
2025-04-26,11.552083
2025-04-27,13.604167
2025-04-28,14.045833
2025-04-29,14.256249
2025-04-30,16.5375
2025-05-01,18.495832
2025-05-02,16.987497
2025-05-03,12.010417
2025-05-04,9.735417
2025-05-05,8.962501
2025-05-06,9.454166
2025-05-07,10.40625
2025-05-08,12.297915
2025-05-09,13.106251
2025-05-10,14.670835
2025-05-11,17.902082
2025-05-12,18.443748
2025-05-13,16.477083
2025-05-14,14.16875
2025-05-15,13.264583
2025-05-16,11.783333
2025-05-17,12.922916
2025-05-18,13.904167
2025-05-19,14.3625
2025-05-20,14.541668
2025-05-21,12.704165
2025-05-22,10.835418
2025-05-23,10.170832
2025-05-24,12.308333
2025-05-25,15.035417
2025-05-26,14.381251
2025-05-27,14.162502
2025-05-28,13.827084
2025-05-29,14.110416
2025-05-30,16.027082
2025-05-31,18.308332
2025-06-01,16.154167
2025-06-02,14.220832
2025-06-03,15.568752
2025-06-04,15.354168
2025-06-05,14.779167
2025-06-06,14.912499
2025-06-07,13.212501
2025-06-08,12.506248
2025-06-09,14.560414
2025-06-10,14.091667
2025-06-11,14.722916
2025-06-12,18.9625
2025-06-13,23.725004
2025-06-14,21.606253
2025-06-15,16.935415
2025-06-16,17.064585
2025-06-17,17.73125
2025-06-18,18.499998
2025-06-19,17.793749
2025-06-20,18.76875
2025-06-21,22.49375
2025-06-22,21.122915
2025-06-23,17.49375
2025-06-24,17.65625
2025-06-25,19.793749
2025-06-26,19.370832
2025-06-27,18.143751
2025-06-28,20.720833
2025-06-29,20.879164
2025-06-30,21.989584
2025-07-01,27.025002
2025-07-02,21.78125
2025-07-03,17.193748
2025-07-04,18.620832
2025-07-05,18.560417
2025-07-06,17.497915
2025-07-07,15.420834
2025-07-08,14.943748
2025-07-09,17.454166
2025-07-10,18.643747
2025-07-11,19.133333
2025-07-12,19.3375
2025-07-13,19.699999
2025-07-14,19.354166
2025-07-15,18.6875
2025-07-16,16.75
2025-07-17,17.56042
2025-07-18,19.85
2025-07-19,22.485418
2025-07-20,19.770834
2025-07-21,18.6625
2025-07-22,17.9875
2025-07-23,18.614584
2025-07-24,18.906252
2025-07-25,18.966665
2025-07-26,18.764582
2025-07-27,17.600002
2025-07-28,17.045832
2025-07-29,17.227081
2025-07-30,17.039583
2025-07-31,17.589584
2025-08-01,16.175001
2025-08-02,16.266665
2025-08-03,18.114582
2025-08-04,18.981253
2025-08-05,16.858332
2025-08-06,16.866667
2025-08-07,18.15
2025-08-08,19.05625
2025-08-09,17.225
2025-08-10,18.497917
2025-08-11,19.793749
2025-08-12,22.560417
2025-08-13,23.183334
2025-08-14,22.260416
2025-08-15,20.777084
2025-08-16,18.395832
2025-08-17,16.587502
2025-08-18,18.491665
2025-08-19,18.597918
2025-08-20,17.995832
2025-08-21,16.14375
2025-08-22,15.239585
2025-08-23,15.020835
2025-08-24,14.712502
2025-08-25,16.689587
2025-08-26,19.0125
2025-08-27,19.262497
2025-08-28,17.435415
2025-08-29,16.65833
2025-08-30,17.666666
2025-08-31,18.9125
2025-09-01,18.164583
2025-09-02,17.254168
2025-09-03,18.38542
2025-09-04,17.645834
2025-09-05,16.35625
2025-09-06,16.547916
2025-09-07,19.770832
2025-09-08,18.616667
2025-09-09,13.160417
2025-09-10,14.45
2025-09-11,15.241666
2025-09-12,13.943751
2025-09-13,13.837502
2025-09-14,14.466668
2025-09-15,16.220835
2025-09-16,14.39375
2025-09-17,15.008335
2025-09-18,18.137499
2025-09-19,19.345833
2025-09-20,19.316668
2025-09-21,14.410417
2025-09-22,11.597916
2025-09-23,11.985416
2025-09-24,11.897918
2025-09-25,12.029167
2025-09-26,12.152085
2025-09-27,12.03125
2025-09-28,12.735416
2025-09-29,12.535417
2025-09-30,12.475001
2025-10-01,11.085416
2025-10-02,11.51875
2025-10-03,11.233333
2025-10-04,12.997918
2025-10-05,12.510417
2025-10-06,14.327084
2025-10-07,15.322918
2025-10-08,14.24792
2025-10-09,13.310414
2025-10-10,14.516667
2025-10-11,14.322918
2025-10-12,14.400001
2025-10-13,14.085418
2025-10-14,13.589584
2025-10-15,13.008332
2025-10-16,12.262501
2025-10-17,11.827084
2025-10-18,9.814585
2025-10-19,10.122916
2025-10-20,13.837502
2025-10-21,13.2375
2025-10-22,12.354168
2025-10-23,11.745833
2025-10-24,9.620833
2025-10-25,9.3479185
2025-10-26,9.064583
2025-10-27,9.564582
2025-10-28,11.756248
2025-10-29,11.375
2025-10-30,10.006248
2025-10-31,10.5979185
2025-11-01,11.910416
2025-11-02,10.1375
2025-11-03,10.568749
2025-11-04,13.610416
2025-11-05,13.395833
2025-11-06,10.797916
2025-11-07,10.727084
2025-11-08,9.554168
2025-11-09,10.416667
2025-11-10,8.608334
2025-11-11,10.306251
2025-11-12,12.247918
2025-11-13,12.968751
2025-11-14,10.058333
2025-11-15,7.6708336
2025-11-16,6.297917
2025-11-17,5.7375007
2025-11-18,4.6041665
2025-11-19,4.2166667
2025-11-20,1.6187501
2025-11-21,1.9979167
2025-11-22,1.5354167
2025-11-23,1.8916664
2025-11-24,2.9312503
2025-11-25,3.2541666
2025-11-26,2.4166667
2025-11-27,6.745833
2025-11-28,9.779166
2025-11-29,9.064584
2025-11-30,7.081249
2025-12-01,5.5375004
2025-12-02,7.154167
2025-12-03,6.370833
2025-12-04,5.839584
2025-12-05,4.029167
2025-12-06,7.764583
2025-12-07,10.083333
2025-12-08,11.725001
2025-12-09,12.175
2025-12-10,11.55
2025-12-11,8.133334
2025-12-12,8.264583
2025-12-13,7.7208333
2025-12-14,6.3770823
2025-12-15,6.6145825
2025-12-16,7.758333
2025-12-17,7.924999
2025-12-18,9.672915
2025-12-19,9.495833
2025-12-20,5.047917
2025-12-21,7.9312496
2025-12-22,5.585417
2025-12-23,4.2999997
2025-12-24,1.1645833
2025-12-25,-2.0104165
2025-12-26,-1.8729166
2025-12-27,1.6458331
2025-12-28,1.4395837
2025-12-29,3.7604167
2025-12-30,3.4374998
2025-12-31,3.8937502
2026-01-01,4.1458335
2026-01-02,2.5937502
2026-01-03,1.3708333
2026-01-04,1.1999999
2026-01-05,-1.3333334
2026-01-06,-1.1312499
2026-01-07,0.4625
2026-01-08,1.6312499
2026-01-09,0.91250014
2026-01-10,-2.552083
2026-01-11,-3.1187503
2026-01-12,3.7166665
2026-01-13,7.797918
2026-01-14,5.2187495
2026-01-15,8.227083
2026-01-16,8.208333
2026-01-17,7.1958337
2026-01-18,2.7791665
2026-01-19,2.3479164
2026-01-20,2.0520835
2026-01-21,4.8416667
2026-01-22,2.2749999
2026-01-23,3.9854167
2026-01-24,2.6833334
2026-01-25,-0.80625004
2026-01-26,0.8708332
2026-01-27,0.75833327
2026-01-28,2.3062499
2026-01-29,-0.06250001
2026-01-30,2.1354167
2026-01-31,5.1229167
2026-02-01,4.8750005
